Date,Open,High,Low,Close,Adj Close,Volume
"Oct 22, 2024",418.49,430.58,418.04,427.51,427.51,"25,482,200"
"Oct 21, 2024",416.12,418.96,413.75,418.78,418.78,"14,206,100"
"Oct 18, 2024",417.14,419.65,416.26,418.16,418.16,"17,145,300"
"Oct 17, 2024",422.36,422.5,415.59,416.72,416.72,"14,820,000"
"Oct 16, 2024",415.17,416.36,410.48,416.12,416.12,"15,508,900"
"Oct 15, 2024",422.18,422.48,415.26,418.74,418.74,"18,900,200"
"Oct 14, 2024",417.77,424.04,417.52,419.14,419.14,"16,653,100"
"Oct 11, 2024",416.14,417.13,413.25,416.32,416.32,"14,144,900"
"Oct 10, 2024",415.23,417.35,413.15,415.84,415.84,"13,848,400"
"Oct 9, 2024",415.86,420.38,414.3,417.46,417.46,"14,974,300"
"Oct 8, 2024",410.9,415.66,408.17,414.71,414.71,"19,229,300"
"Oct 7, 2024",416,417.11,409,409.54,409.54,"20,919,800"
"Oct 4, 2024",418.24,419.75,414.97,416.06,416.06,"19,169,700"
"Oct 3, 2024",417.63,419.55,414.29,416.54,416.54,"13,686,400"
"Oct 2, 2024",422.58,422.82,416.71,417.13,417.13,"16,582,300"
"Oct 1, 2024",428.45,428.48,418.81,420.69,420.69,"19,092,900"
"Sep 30, 2024",428.21,430.42,425.37,430.3,430.3,"16,807,300"
"Sep 27, 2024",431.52,431.85,427.47,428.02,428.02,"14,896,100"
"Sep 26, 2024",435.09,435.3,429.13,431.31,431.31,"14,492,000"
"Sep 25, 2024",429.83,433.12,428.57,432.11,432.11,"13,396,400"
"Sep 24, 2024",433,433.35,426.1,429.17,429.17,"17,015,800"
"Sep 23, 2024",434.28,436.46,430.39,433.51,433.51,"15,128,900"
"Sep 20, 2024",437.22,439.24,434.22,435.27,435.27,"55,167,100"
"Sep 19, 2024",441.23,441.5,436.9,438.69,438.69,"21,706,600"
"Sep 18, 2024",435,436.03,430.41,430.81,430.81,"18,898,000"
"Sep 17, 2024",440.23,441.85,432.27,435.15,435.15,"18,874,200"
"Sep 16, 2024",430.6,433.53,428.22,431.34,431.34,"13,834,700"
"Sep 13, 2024",425.83,431.83,425.46,430.59,430.59,"15,874,600"
"Sep 12, 2024",423.31,427.37,419.75,427,427,"17,418,800"
"Sep 11, 2024",415.5,423.99,409.58,423.04,423.04,"19,266,900"
"Sep 10, 2024",408.2,416.33,407.7,414.2,414.2,"19,594,300"
"Sep 9, 2024",407.24,408.65,402.15,405.72,405.72,"15,295,100"
"Sep 6, 2024",409.06,410.65,400.8,401.7,401.7,"19,609,500"
"Sep 5, 2024",407.62,413.1,406.13,408.39,408.39,"14,195,500"
"Sep 4, 2024",405.91,411.24,404.37,408.9,408.9,"15,135,800"
"Sep 3, 2024",417.91,419.88,407.03,409.44,409.44,"20,313,600"
"Aug 30, 2024",415.6,417.49,412.13,417.14,417.14,"24,308,300"
"Aug 29, 2024",414.94,422.05,410.6,413.12,413.12,"17,045,200"
"Aug 28, 2024",414.88,415,407.31,410.6,410.6,"14,882,700"
"Aug 27, 2024",412.86,414.36,410.25,413.84,413.84,"13,492,900"
"Aug 26, 2024",416.37,417.28,411.34,413.49,413.49,"13,152,800"
"Aug 23, 2024",416.98,419.26,412.09,416.79,416.79,"18,493,800"
"Aug 22, 2024",424.36,426.79,414.61,415.55,415.55,"19,361,900"
"Aug 21, 2024",424.08,426.4,421.72,424.14,424.14,"16,067,300"
"Aug 20, 2024",421.7,425.86,421.64,424.8,424.8,"16,387,600"
"Aug 19, 2024",418.96,421.75,416.46,421.53,421.53,"15,234,000"
"Aug 16, 2024",420.6,421.34,417.3,418.47,418.47,"22,775,600"
"Aug 15, 2024",0.75 Dividend,,,,,
"Aug 15, 2024",419.8,421.11,417.66,421.03,421.03,"20,752,100"
"Aug 14, 2024",414.8,417.72,412.45,416.86,416.11,"18,267,000"
"Aug 13, 2024",409.59,414.95,409.57,414.01,413.27,"19,414,300"
"Aug 12, 2024",407.06,408.76,404.24,406.81,406.08,"16,762,900"
"Aug 9, 2024",404.03,408.05,402.26,406.02,405.29,"19,276,700"
"Aug 8, 2024",402.44,405.86,399.94,402.69,401.97,"20,203,000"
"Aug 7, 2024",408.64,410.08,397.47,398.43,397.71,"20,650,900"
"Aug 6, 2024",400,405.67,398.5,399.61,398.89,"24,946,500"
"Aug 5, 2024",389.17,401.04,385.58,395.15,394.44,"40,709,200"
"Aug 2, 2024",412.49,415,404.34,408.49,407.76,"29,437,900"
"Aug 1, 2024",420.79,427.46,413.09,417.11,416.36,"30,296,400"
"Jul 31, 2024",420.5,421.78,412.21,418.35,417.6,"42,891,400"
"Jul 30, 2024",427.72,429.05,417.36,422.92,422.16,"32,687,600"
"Jul 29, 2024",431.58,432.15,424.7,426.73,425.96,"15,125,800"
"Jul 26, 2024",418.2,428.92,417.27,425.27,424.5,"23,583,800"
"Jul 25, 2024",428.8,429.8,417.51,418.4,417.65,"29,943,800"
"Jul 24, 2024",440.45,441.48,427.59,428.9,428.13,"26,805,800"
"Jul 23, 2024",443.9,448.39,443.1,444.85,444.05,"13,107,100"
"Jul 22, 2024",441.79,444.6,438.91,442.94,442.14,"15,808,800"
"Jul 19, 2024",433.1,441.14,432,437.11,436.32,"20,940,400"
"Jul 18, 2024",444.34,444.65,434.4,440.37,439.58,"20,794,800"
"Jul 17, 2024",442.59,444.85,439.18,443.52,442.72,"21,778,000"
"Jul 16, 2024",454.22,454.3,446.66,449.52,448.71,"17,175,700"
"Jul 15, 2024",453.3,457.26,451.43,453.96,453.14,"14,429,400"
"Jul 12, 2024",454.33,456.36,450.65,453.55,452.73,"16,324,300"
"Jul 11, 2024",462.98,464.78,451.55,454.7,453.88,"23,111,200"
"Jul 10, 2024",461.22,466.46,458.86,466.25,465.41,"18,196,100"
"Jul 9, 2024",467,467.33,458,459.54,458.71,"17,207,200"
"Jul 8, 2024",466.55,467.7,464.46,466.24,465.4,"12,962,300"
"Jul 5, 2024",459.61,468.35,458.97,467.56,466.72,"16,000,300"
"Jul 3, 2024",458.19,461.02,457.88,460.77,459.94,"9,932,800"
"Jul 2, 2024",453.2,459.59,453.11,459.28,458.45,"13,979,800"
"Jul 1, 2024",448.66,457.37,445.66,456.73,455.91,"17,662,800"
"Jun 28, 2024",453.07,455.38,446.41,446.95,446.15,"28,362,300"
"Jun 27, 2024",452.18,456.17,451.77,452.85,452.04,"14,806,300"
"Jun 26, 2024",449,453.6,448.19,452.16,451.35,"16,507,000"
"Jun 25, 2024",448.25,451.42,446.75,450.95,450.14,"16,747,500"
"Jun 24, 2024",449.8,452.75,446.41,447.67,446.86,"15,913,700"
"Jun 21, 2024",447.38,450.58,446.51,449.78,448.97,"34,486,200"
"Jun 20, 2024",446.3,446.53,441.27,445.7,444.9,"19,877,400"
"Jun 18, 2024",449.71,450.14,444.89,446.34,445.54,"17,112,500"
"Jun 17, 2024",442.59,450.94,440.72,448.37,447.56,"20,790,000"
"Jun 14, 2024",438.28,443.14,436.72,442.57,441.77,"13,582,000"
"Jun 13, 2024",440.85,443.39,439.37,441.58,440.79,"15,960,600"
"Jun 12, 2024",435.32,443.4,433.25,441.06,440.27,"22,366,200"
"Jun 11, 2024",425.48,432.82,425.25,432.68,431.9,"14,551,100"
"Jun 10, 2024",424.7,428.08,423.89,427.87,427.1,"14,003,000"
"Jun 7, 2024",426.2,426.28,423,423.85,423.09,"13,621,700"
"Jun 6, 2024",424.01,425.31,420.58,424.52,423.76,"14,861,300"
"Jun 5, 2024",417.81,424.08,416.3,424.01,423.25,"16,988,000"
"Jun 4, 2024",412.43,416.44,409.68,416.07,415.32,"14,348,900"
"Jun 3, 2024",415.53,416.43,408.92,413.52,412.78,"17,484,700"
"May 31, 2024",416.75,416.75,404.51,415.13,414.38,"47,995,300"
"May 30, 2024",424.3,424.3,414.24,414.67,413.92,"28,424,800"
"May 29, 2024",425.69,430.94,425.69,429.17,428.4,"15,517,100"
"May 28, 2024",429.63,430.82,426.6,430.32,429.55,"15,718,000"
"May 24, 2024",427.19,431.06,424.41,430.16,429.39,"11,845,800"
"May 23, 2024",432.97,433.6,425.42,427,426.23,"17,211,700"
"May 22, 2024",430.09,432.41,427.13,430.52,429.75,"18,073,700"
"May 21, 2024",426.83,432.97,424.85,429.04,428.27,"21,453,300"
"May 20, 2024",420.21,426.77,419.99,425.34,424.57,"16,272,100"
"May 17, 2024",422.54,422.92,418.03,420.21,419.45,"15,352,200"
"May 16, 2024",421.8,425.42,420.35,420.99,420.23,"17,530,100"
"May 15, 2024",0.75 Dividend,,,,,
"May 15, 2024",417.9,423.81,417.27,423.08,422.32,"22,239,500"
"May 14, 2024",412.02,417.49,411.55,416.56,415.06,"15,109,300"
"May 13, 2024",418.01,418.35,410.82,413.72,412.23,"15,440,200"
"May 10, 2024",412.94,415.38,411.8,414.74,413.25,"13,402,300"
"May 9, 2024",410.57,412.72,409.1,412.32,410.84,"14,689,700"
"May 8, 2024",408.17,412.23,406.71,410.54,409.06,"11,792,300"
"May 7, 2024",414.66,414.67,409.09,409.34,407.87,"20,018,200"
"May 6, 2024",408.76,413.93,406.37,413.54,412.05,"16,996,600"
"May 3, 2024",402.28,407.15,401.86,406.66,405.2,"17,446,700"
"May 2, 2024",397.66,399.93,394.65,397.84,396.41,"17,709,400"
"May 1, 2024",392.61,401.72,390.31,394.94,393.52,"23,562,500"
"Apr 30, 2024",401.49,402.16,389.17,389.33,387.93,"28,781,400"
"Apr 29, 2024",405.25,406.32,399.19,402.25,400.8,"19,582,100"
"Apr 26, 2024",412.17,413,405.76,406.32,404.86,"29,694,700"
"Apr 25, 2024",394.03,399.89,388.03,399.04,397.6,"40,586,500"
"Apr 24, 2024",409.56,412.47,406.78,409.06,407.59,"15,065,300"
"Apr 23, 2024",404.24,408.2,403.06,407.57,406.1,"15,734,500"
"Apr 22, 2024",400.08,402.85,395.75,400.96,399.52,"20,286,900"
"Apr 19, 2024",404.03,405.48,397.77,399.12,397.68,"30,276,500"
"Apr 18, 2024",410.63,411.89,403.95,404.27,402.82,"21,029,900"
"Apr 17, 2024",417.25,418.88,410.33,411.84,410.36,"15,855,500"
"Apr 16, 2024",414.57,418.4,413.73,414.58,413.09,"16,765,600"
"Apr 15, 2024",426.6,426.82,413.43,413.64,412.15,"20,273,500"
"Apr 12, 2024",424.05,425.18,419.77,421.9,420.38,"19,232,100"
"Apr 11, 2024",425.82,429.37,422.36,427.93,426.39,"17,966,400"
"Apr 10, 2024",422.19,424.03,419.7,423.26,421.74,"16,216,600"
"Apr 9, 2024",426.44,427.74,421.62,426.28,424.75,"12,512,300"
"Apr 8, 2024",425.17,427.28,423.3,424.59,423.06,"14,272,400"
"Apr 5, 2024",420.01,426.51,418.32,425.52,423.99,"16,544,300"
"Apr 4, 2024",424.99,428.67,417.57,417.88,416.38,"19,370,900"
"Apr 3, 2024",419.73,423.26,419.09,420.45,418.94,"16,502,300"
"Apr 2, 2024",420.11,422.38,417.84,421.44,419.92,"17,912,000"
"Apr 1, 2024",423.95,427.89,422.22,424.57,423.04,"16,316,000"
"Mar 28, 2024",420.96,421.87,419.12,420.72,419.21,"21,871,200"
"Mar 27, 2024",424.44,424.45,419.01,421.43,419.91,"16,705,000"
"Mar 26, 2024",425.61,425.99,421.35,421.65,420.13,"16,725,600"
"Mar 25, 2024",425.24,427.41,421.61,422.86,421.34,"18,060,500"
"Mar 22, 2024",429.7,429.86,426.07,428.74,427.2,"17,636,500"
"Mar 21, 2024",429.83,430.82,427.16,429.37,427.83,"21,296,200"
"Mar 20, 2024",422,425.96,420.66,425.23,423.7,"17,860,100"
"Mar 19, 2024",417.83,421.67,415.55,421.41,419.89,"19,837,900"
"Mar 18, 2024",414.25,420.73,413.78,417.32,415.82,"20,106,000"
"Mar 15, 2024",419.29,422.6,412.79,416.42,414.92,"45,049,800"
"Mar 14, 2024",420.24,427.82,417.99,425.22,423.69,"34,157,300"
"Mar 13, 2024",418.1,418.18,411.45,415.1,413.61,"17,115,900"
"Mar 12, 2024",407.62,415.57,406.79,415.28,413.79,"22,457,000"
"Mar 11, 2024",403.76,405.68,401.26,404.52,403.07,"16,120,800"
"Mar 8, 2024",407.96,410.42,404.33,406.22,404.76,"17,971,700"
"Mar 7, 2024",406.12,409.78,402.24,409.14,407.67,"18,718,500"
"Mar 6, 2024",402.97,405.16,398.39,402.09,400.64,"22,344,100"
"Mar 5, 2024",413.96,414.25,400.64,402.65,401.2,"26,919,200"
"Mar 4, 2024",413.44,417.35,412.32,414.92,413.43,"17,596,000"
"Mar 1, 2024",411.27,415.87,410.88,415.5,414.01,"17,800,300"
"Feb 29, 2024",408.64,414.2,405.92,413.64,412.15,"31,947,300"
"Feb 28, 2024",408.18,409.3,405.32,407.72,406.25,"13,183,100"
"Feb 27, 2024",407.99,408.32,403.85,407.48,406.01,"14,835,800"
"Feb 26, 2024",411.46,412.16,407.36,407.54,406.07,"16,193,500"
"Feb 23, 2024",415.67,415.86,408.97,410.34,408.86,"16,295,900"
"Feb 22, 2024",410.19,412.83,408.57,411.65,410.17,"27,009,900"
"Feb 21, 2024",400.17,402.29,397.22,402.18,400.73,"18,631,100"
"Feb 20, 2024",403.24,404.49,398.01,402.79,401.34,"24,307,900"
"Feb 16, 2024",407.96,408.29,403.44,404.06,402.61,"22,281,100"
"Feb 15, 2024",408.14,409.13,404.29,406.56,405.1,"21,825,500"
"Feb 14, 2024",0.75 Dividend,,,,,
"Feb 14, 2024",408.07,409.84,404.57,409.49,408.02,"20,401,200"
"Feb 13, 2024",404.94,410.07,403.39,406.32,404.11,"27,824,900"
"Feb 12, 2024",420.56,420.74,414.75,415.26,413,"21,202,900"
"Feb 9, 2024",415.25,420.82,415.09,420.55,418.26,"22,032,800"
"Feb 8, 2024",414.05,415.56,412.53,414.11,411.86,"21,225,300"
"Feb 7, 2024",407.44,414.3,407.4,414.05,411.8,"22,340,500"
"Feb 6, 2024",405.88,407.97,402.91,405.49,403.29,"18,382,600"
"Feb 5, 2024",409.9,411.16,403.99,405.65,403.45,"25,352,300"
"Feb 2, 2024",403.81,412.65,403.56,411.22,408.98,"28,245,000"
"Feb 1, 2024",401.83,408,401.8,403.78,401.59,"30,657,700"
"Jan 31, 2024",406.96,415.32,397.21,397.58,395.42,"47,871,100"
"Jan 30, 2024",412.26,413.05,406.45,408.59,406.37,"33,477,600"
"Jan 29, 2024",406.06,409.98,404.33,409.72,407.49,"24,510,200"
"Jan 26, 2024",404.37,406.17,402.43,403.93,401.73,"17,803,300"
"Jan 25, 2024",404.32,407.01,402.53,404.87,402.67,"21,021,200"
"Jan 24, 2024",401.54,405.63,400.45,402.56,400.37,"24,867,000"
"Jan 23, 2024",395.75,399.38,393.93,398.9,396.73,"20,525,900"
"Jan 22, 2024",400.02,400.62,393.59,396.51,394.35,"27,016,900"
"Jan 19, 2024",395.76,398.67,393.5,398.67,396.5,"29,272,000"
"Jan 18, 2024",391.72,393.99,390.12,393.87,391.73,"23,392,100"
"Jan 17, 2024",387.98,390.11,384.81,389.47,387.35,"22,234,100"
"Jan 16, 2024",393.66,394.03,387.62,390.27,388.15,"27,202,300"
"Jan 12, 2024",385.49,388.68,384.65,388.47,386.36,"21,645,700"
"Jan 11, 2024",386,390.68,380.38,384.63,382.54,"27,850,800"
"Jan 10, 2024",376.37,384.17,376.32,382.77,380.69,"25,514,200"
"Jan 9, 2024",372.01,375.99,371.19,375.79,373.75,"20,830,000"
"Jan 8, 2024",369.3,375.2,369.01,374.69,372.65,"23,134,000"
"Jan 5, 2024",368.97,372.06,366.5,367.75,365.75,"20,987,000"
"Jan 4, 2024",370.67,373.1,367.17,367.94,365.94,"20,901,500"
"Jan 3, 2024",369.01,373.26,368.51,370.6,368.59,"23,083,500"
"Jan 2, 2024",373.86,375.9,366.77,370.87,368.85,"25,258,600"
"Dec 29, 2023",376,377.16,373.48,376.04,374,"18,723,000"
"Dec 28, 2023",375.37,376.46,374.16,375.28,373.24,"14,327,000"
"Dec 27, 2023",373.69,375.06,372.81,374.07,372.04,"14,905,400"
"Dec 26, 2023",375,376.94,373.5,374.66,372.62,"12,673,100"
"Dec 22, 2023",373.68,375.18,372.71,374.58,372.54,"17,091,100"
"Dec 21, 2023",372.56,374.41,370.04,373.54,371.51,"17,708,000"
"Dec 20, 2023",375,376.03,370.53,370.62,368.61,"26,316,700"
"Dec 19, 2023",371.49,373.26,369.84,373.26,371.23,"20,603,700"
"Dec 18, 2023",369.45,373,368.68,372.65,370.62,"21,802,900"
"Dec 15, 2023",366.85,372.4,366.28,370.73,368.71,"78,478,200"
"Dec 14, 2023",373.31,373.76,364.13,365.93,363.94,"43,277,500"
"Dec 13, 2023",376.02,377.64,370.77,374.37,372.34,"30,955,500"
"Dec 12, 2023",370.85,374.42,370.46,374.38,372.35,"24,838,300"
"Dec 11, 2023",368.48,371.6,366.1,371.3,369.28,"27,708,800"
"Dec 8, 2023",369.2,374.46,368.23,374.23,372.2,"20,144,800"
"Dec 7, 2023",368.23,371.45,366.32,370.95,368.93,"23,118,900"
"Dec 6, 2023",373.54,374.18,368.03,368.8,366.8,"21,182,100"
"Dec 5, 2023",366.45,373.08,365.62,372.52,370.5,"23,065,000"
"Dec 4, 2023",369.1,369.52,362.9,369.14,367.13,"32,063,300"
"Dec 1, 2023",376.76,378.16,371.31,374.51,372.47,"33,020,400"
"Nov 30, 2023",378.49,380.09,375.47,378.91,376.85,"30,554,400"
"Nov 29, 2023",383.76,384.3,377.44,378.85,376.79,"28,963,400"
"Nov 28, 2023",378.35,383,378.16,382.7,380.62,"20,453,100"
"Nov 27, 2023",376.78,380.64,376.2,378.61,376.55,"22,179,200"
"Nov 24, 2023",377.33,377.97,375.14,377.43,375.38,"10,176,600"
"Nov 22, 2023",378,379.79,374.97,377.85,375.8,"23,345,300"
"Nov 21, 2023",375.67,376.22,371.12,373.07,371.04,"28,423,100"
"Nov 20, 2023",371.22,378.87,371,377.44,375.39,"52,465,100"
"Nov 17, 2023",373.61,374.37,367,369.85,367.84,"40,157,000"
"Nov 16, 2023",370.96,376.35,370.18,376.17,374.13,"27,182,300"
"Nov 15, 2023",0.75 Dividend,,,,,
"Nov 15, 2023",371.28,373.13,367.11,369.67,367.66,"26,860,100"
"Nov 14, 2023",371.01,371.95,367.35,370.27,367.51,"27,683,900"
"Nov 13, 2023",368.22,368.47,365.9,366.68,363.95,"19,986,500"
"Nov 10, 2023",361.49,370.1,361.07,369.67,366.92,"28,042,100"
"Nov 9, 2023",362.3,364.79,360.36,360.69,358,"24,847,300"
"Nov 8, 2023",361.68,363.87,360.55,363.2,360.49,"26,767,800"
"Nov 7, 2023",359.4,362.46,357.63,360.53,357.84,"25,833,900"
"Nov 6, 2023",353.45,357.54,353.35,356.53,353.87,"23,828,300"
"Nov 3, 2023",349.63,354.39,347.33,352.8,350.17,"23,624,000"
"Nov 2, 2023",347.24,348.83,344.77,348.32,345.72,"24,348,100"
"Nov 1, 2023",339.79,347.42,339.65,346.07,343.49,"28,158,800"
"Oct 31, 2023",338.85,339,334.69,338.11,335.59,"20,265,300"
"Oct 30, 2023",333.41,339.45,331.83,337.31,334.8,"22,828,100"
"Oct 27, 2023",330.43,336.72,328.4,329.81,327.35,"29,856,500"
"Oct 26, 2023",340.54,341.63,326.94,327.89,325.45,"37,828,500"
"Oct 25, 2023",345.02,346.2,337.62,340.67,338.13,"55,053,800"
"Oct 24, 2023",331.3,331.84,327.6,330.53,328.07,"31,153,600"
"Oct 23, 2023",325.47,332.73,324.39,329.32,326.87,"24,374,700"
"Oct 20, 2023",331.72,331.92,325.45,326.67,324.24,"25,012,600"
"Oct 19, 2023",332.15,336.88,330.91,331.32,328.85,"25,052,100"
"Oct 18, 2023",332.49,335.59,328.3,330.11,327.65,"23,153,600"
"Oct 17, 2023",329.59,333.46,327.41,332.06,329.59,"18,338,500"
"Oct 16, 2023",331.05,336.14,330.6,332.64,330.16,"22,158,000"
"Oct 13, 2023",332.38,333.83,326.36,327.73,325.29,"21,072,400"
"Oct 12, 2023",330.57,333.63,328.72,331.16,328.69,"19,313,100"
"Oct 11, 2023",331.21,332.82,329.14,332.42,329.94,"20,063,200"
"Oct 10, 2023",330.96,331.1,327.67,328.39,325.94,"20,557,100"
"Oct 9, 2023",324.75,330.3,323.18,329.82,327.36,"19,891,200"
"Oct 6, 2023",316.55,329.19,316.3,327.26,324.82,"25,645,500"
"Oct 5, 2023",319.09,319.98,314.9,319.36,316.98,"16,965,600"
"Oct 4, 2023",314.03,320.04,314,318.96,316.58,"20,720,100"
"Oct 3, 2023",320.83,321.39,311.21,313.39,311.06,"21,033,500"
"Oct 2, 2023",316.28,321.89,315.18,321.8,319.4,"20,570,000"
"Sep 29, 2023",317.75,319.47,314.98,315.75,313.4,"24,140,300"
"Sep 28, 2023",310.99,315.48,309.45,313.64,311.3,"19,683,600"
"Sep 27, 2023",312.3,314.3,309.69,312.79,310.46,"19,410,100"
"Sep 26, 2023",315.13,315.88,310.02,312.14,309.81,"26,297,600"
"Sep 25, 2023",316.59,317.67,315,317.54,315.17,"17,836,000"
"Sep 22, 2023",321.32,321.45,316.15,317.01,314.65,"21,447,900"
"Sep 21, 2023",319.26,325.35,315,319.53,317.15,"35,529,500"
"Sep 20, 2023",329.51,329.59,320.51,320.77,318.38,"21,436,500"
"Sep 19, 2023",326.17,329.39,324.51,328.65,326.2,"16,505,900"
"Sep 18, 2023",327.8,330.4,326.36,329.06,326.61,"16,834,200"
"Sep 15, 2023",336.92,337.4,329.65,330.22,327.76,"37,666,900"
"Sep 14, 2023",339.15,340.86,336.57,338.7,336.18,"20,267,000"
"Sep 13, 2023",331.31,336.85,331.17,336.06,333.56,"16,544,400"
"Sep 12, 2023",335.82,336.79,331.48,331.77,329.3,"17,565,500"
"Sep 11, 2023",337.24,338.42,335.43,337.94,335.42,"16,583,300"
"Sep 8, 2023",330.09,336.16,329.46,334.27,331.78,"19,530,100"
"Sep 7, 2023",331.29,333.08,329.03,329.91,327.45,"18,381,000"
"Sep 6, 2023",333.38,334.46,330.18,332.88,330.4,"17,535,800"
"Sep 5, 2023",329,334.85,328.66,333.55,331.07,"18,553,900"
"Sep 1, 2023",331.31,331.99,326.78,328.66,326.21,"14,931,200"
"Aug 31, 2023",329.2,330.91,326.78,327.76,325.32,"26,411,000"
"Aug 30, 2023",328.67,329.81,326.45,328.79,326.34,"15,222,100"
"Aug 29, 2023",321.88,328.98,321.88,328.41,325.96,"19,284,600"
"Aug 28, 2023",325.66,326.15,321.72,323.7,321.29,"14,808,500"
"Aug 25, 2023",321.47,325.36,318.8,322.98,320.57,"21,684,100"
"Aug 24, 2023",332.85,332.98,319.96,319.97,317.59,"23,281,400"
"Aug 23, 2023",323.82,329.2,323.46,327,324.56,"21,166,400"
"Aug 22, 2023",325.5,326.08,321.46,322.46,320.06,"16,102,000"
"Aug 21, 2023",317.93,322.77,317.04,321.88,319.48,"24,040,000"
"Aug 18, 2023",314.49,318.38,311.55,316.48,314.12,"24,744,800"
"Aug 17, 2023",320.54,321.87,316.21,316.88,314.52,"21,257,200"
"Aug 16, 2023",0.68 Dividend,,,,,
"Aug 16, 2023",320.8,324.42,319.8,320.4,318.01,"20,698,900"
"Aug 15, 2023",323,325.09,320.9,321.86,318.79,"16,966,300"
"Aug 14, 2023",321.39,324.06,320.08,324.04,320.95,"18,836,100"
"Aug 11, 2023",320.26,322.41,319.21,321.01,317.95,"24,342,600"
"Aug 10, 2023",326.02,328.26,321.18,322.93,319.85,"20,113,700"
"Aug 9, 2023",326.47,327.11,321.05,322.23,319.15,"22,373,300"
"Aug 8, 2023",326.96,328.75,323,326.05,322.94,"22,327,600"
"Aug 7, 2023",328.37,331.11,327.52,330.11,326.96,"17,741,500"
"Aug 4, 2023",331.88,335.14,327.24,327.78,324.65,"23,727,700"
"Aug 3, 2023",326,329.88,325.95,326.66,323.54,"18,253,700"
"Aug 2, 2023",333.63,333.63,326.36,327.5,324.37,"27,761,300"
"Aug 1, 2023",335.19,338.54,333.7,336.34,333.13,"18,311,900"
"Jul 31, 2023",336.92,337.7,333.36,335.92,332.71,"25,446,000"
"Jul 28, 2023",333.67,340.01,333.17,338.37,335.14,"28,484,900"
"Jul 27, 2023",340.48,341.33,329.05,330.72,327.56,"39,635,300"
"Jul 26, 2023",341.44,344.67,333.11,337.77,334.55,"58,383,700"
"Jul 25, 2023",347.11,351.89,345.07,350.98,347.63,"41,637,700"
"Jul 24, 2023",345.85,346.92,342.31,345.11,341.82,"26,678,100"
"Jul 21, 2023",349.15,350.3,339.83,343.77,340.49,"69,368,900"
"Jul 20, 2023",353.57,357.97,345.37,346.87,343.56,"33,778,400"
"Jul 19, 2023",361.75,362.46,352.44,355.08,351.69,"39,732,900"
"Jul 18, 2023",345.83,366.78,342.17,359.49,356.06,"64,872,700"
"Jul 17, 2023",345.68,346.99,342.2,345.73,342.43,"20,363,900"
"Jul 14, 2023",347.59,351.43,344.31,345.24,341.94,"28,302,200"
"Jul 13, 2023",339.56,343.74,339.02,342.66,339.39,"20,567,200"
"Jul 12, 2023",336.6,341.65,335.67,337.2,333.98,"29,995,300"
"Jul 11, 2023",331.06,332.86,327,332.47,329.3,"26,698,200"
"Jul 10, 2023",334.6,335.23,327.59,331.83,328.66,"32,791,400"
"Jul 7, 2023",339.32,341.79,337,337.22,334,"21,185,300"
"Jul 6, 2023",337.3,342.99,335.5,341.27,338.01,"28,161,200"
"Jul 5, 2023",335.09,341.65,334.73,338.15,334.92,"18,172,400"
"Jul 3, 2023",339.19,340.9,336.57,337.99,334.76,"12,508,700"
"Jun 30, 2023",337.75,342.73,337.2,340.54,337.29,"26,823,800"
"Jun 29, 2023",334.71,336.11,332.62,335.05,331.85,"16,997,000"
"Jun 28, 2023",334.66,337.98,333.81,335.85,332.64,"20,259,500"
"Jun 27, 2023",331.86,336.15,329.3,334.57,331.38,"24,354,100"
"Jun 26, 2023",333.72,336.11,328.49,328.6,325.46,"21,520,600"
"Jun 23, 2023",334.36,337.96,333.45,335.02,331.82,"23,084,700"
"Jun 22, 2023",334.12,340.12,333.34,339.71,336.47,"23,556,800"
"Jun 21, 2023",336.37,337.73,332.07,333.56,330.38,"25,117,800"
"Jun 20, 2023",339.31,342.08,335.86,338.05,334.82,"26,375,400"
"Jun 16, 2023",351.32,351.47,341.95,342.33,339.06,"46,533,600"
"Jun 15, 2023",337.48,349.84,337.2,348.1,344.78,"38,899,100"
"Jun 14, 2023",334.34,339.04,332.81,337.34,334.12,"26,003,800"
"Jun 13, 2023",334.47,336.98,330.39,334.29,331.1,"22,951,300"
"Jun 12, 2023",328.58,332.1,325.16,331.85,328.68,"24,260,300"
"Jun 9, 2023",324.99,329.99,324.41,326.79,323.67,"22,514,900"
"Jun 8, 2023",323.94,326.64,323.35,325.26,322.15,"23,277,700"
"Jun 7, 2023",331.65,334.49,322.5,323.38,320.29,"40,717,100"
"Jun 6, 2023",335.33,335.37,332.17,333.68,330.49,"20,396,200"
"Jun 5, 2023",335.22,338.56,334.66,335.94,332.73,"21,307,100"
"Jun 2, 2023",334.25,337.5,332.55,335.4,332.2,"25,864,000"
"Jun 1, 2023",325.93,333.53,324.72,332.58,329.4,"26,773,900"
"May 31, 2023",332.29,335.94,327.33,328.39,325.25,"45,950,600"
"May 30, 2023",335.23,335.74,330.52,331.21,328.05,"29,503,100"
"May 26, 2023",324.02,333.4,323.88,332.89,329.71,"36,630,600"
"May 25, 2023",323.24,326.9,320,325.92,322.81,"43,301,700"
"May 24, 2023",314.73,316.5,312.61,313.85,310.85,"23,384,900"
"May 23, 2023",320.03,322.72,315.25,315.26,312.25,"30,797,200"
"May 22, 2023",318.6,322.59,318.01,321.18,318.11,"24,115,700"
"May 19, 2023",316.74,318.75,316.37,318.34,315.3,"27,529,500"
"May 18, 2023",314.53,319.04,313.72,318.52,315.48,"27,276,000"
"May 17, 2023",0.68 Dividend,,,,,
"May 17, 2023",312.29,314.43,310.74,314,311,"24,315,000"
"May 16, 2023",309.83,313.71,309.83,311.74,308.09,"26,730,300"
"May 15, 2023",309.1,309.9,307.59,309.46,305.84,"16,336,500"
"May 12, 2023",310.55,310.65,306.6,308.97,305.35,"19,758,100"
"May 11, 2023",310.1,311.12,306.26,310.11,306.48,"31,680,200"
"May 10, 2023",308.62,313,307.67,312.31,308.65,"30,078,000"
"May 9, 2023",308,310.04,306.31,307,303.41,"21,340,800"
"May 8, 2023",310.13,310.2,306.09,308.65,305.04,"21,318,600"
"May 5, 2023",305.72,311.97,304.27,310.65,307.01,"28,181,200"
"May 4, 2023",306.24,307.76,303.4,305.41,301.83,"22,519,900"
"May 3, 2023",306.62,308.61,304.09,304.4,300.84,"22,360,800"
"May 2, 2023",307.76,309.18,303.91,305.41,301.83,"26,404,400"
"May 1, 2023",306.97,308.6,305.15,305.56,301.98,"21,294,100"
"Apr 28, 2023",304.01,308.93,303.31,307.26,303.66,"36,446,700"
"Apr 27, 2023",295.97,305.2,295.25,304.83,301.26,"46,462,600"
"Apr 26, 2023",296.7,299.57,292.73,295.37,291.91,"64,599,200"
"Apr 25, 2023",279.51,281.6,275.37,275.42,272.2,"45,772,200"
"Apr 24, 2023",282.09,284.95,278.72,281.77,278.47,"26,611,000"
"Apr 21, 2023",285.01,286.27,283.06,285.76,282.41,"21,676,400"
"Apr 20, 2023",285.25,289.03,285.08,286.11,282.76,"23,244,400"
"Apr 19, 2023",285.99,289.05,284.54,288.45,285.07,"17,150,300"
"Apr 18, 2023",291.57,291.76,287.01,288.37,284.99,"20,161,800"
"Apr 17, 2023",289.93,291.6,286.16,288.8,285.42,"23,836,200"
"Apr 14, 2023",287,288.48,283.69,286.14,282.79,"20,987,900"
"Apr 13, 2023",283.59,289.9,283.17,289.84,286.45,"24,222,700"
"Apr 12, 2023",284.79,287.01,281.96,283.49,280.17,"27,403,400"
"Apr 11, 2023",285.75,285.98,281.64,282.83,279.52,"27,276,600"
"Apr 10, 2023",289.21,289.6,284.71,289.39,286,"23,103,000"
"Apr 6, 2023",283.21,292.08,282.03,291.6,288.19,"29,770,300"
"Apr 5, 2023",285.85,287.15,282.92,284.34,281.01,"22,064,800"
"Apr 4, 2023",287.23,290.45,285.67,287.18,283.82,"25,824,300"
"Apr 3, 2023",286.52,288.27,283.95,287.23,283.87,"24,883,300"
"Mar 31, 2023",283.73,289.27,283,288.3,284.92,"32,766,000"
"Mar 30, 2023",284.23,284.46,281.48,284.05,280.72,"25,053,400"
"Mar 29, 2023",278.96,281.14,278.41,280.51,277.23,"25,087,000"
"Mar 28, 2023",275.79,276.14,272.05,275.23,272.01,"21,878,600"
"Mar 27, 2023",280.5,281.46,275.52,276.38,273.14,"26,840,200"
"Mar 24, 2023",277.24,280.63,275.28,280.57,277.29,"28,172,000"
"Mar 23, 2023",277.94,281.06,275.2,277.66,274.41,"36,610,900"
"Mar 22, 2023",273.4,281.04,272.18,272.29,269.1,"34,873,300"
"Mar 21, 2023",274.88,275,269.52,273.78,270.57,"34,558,700"
"Mar 20, 2023",276.98,277.48,269.85,272.23,269.04,"43,466,600"
"Mar 17, 2023",278.26,283.33,276.32,279.43,276.16,"69,527,400"
"Mar 16, 2023",265.21,276.56,263.28,276.2,272.97,"54,768,800"
"Mar 15, 2023",259.98,266.48,259.21,265.44,262.33,"46,028,000"
"Mar 14, 2023",256.75,261.07,255.86,260.79,257.74,"33,620,300"
"Mar 13, 2023",247.4,257.91,245.73,253.92,250.95,"33,339,700"
"Mar 10, 2023",251.08,252.79,247.6,248.59,245.68,"28,333,900"
"Mar 9, 2023",255.82,259.56,251.58,252.32,249.37,"26,653,400"
"Mar 8, 2023",254.04,254.54,250.81,253.7,250.73,"17,340,200"
"Mar 7, 2023",256.3,257.69,253.39,254.15,251.17,"21,473,200"
"Mar 6, 2023",256.43,260.12,255.98,256.87,253.86,"24,109,800"
"Mar 3, 2023",252.19,255.62,251.39,255.29,252.3,"30,760,100"
"Mar 2, 2023",246.55,251.4,245.61,251.11,248.17,"24,808,200"
"Mar 1, 2023",250.76,250.93,245.79,246.27,243.39,"27,565,300"
"Feb 28, 2023",249.07,251.49,248.73,249.42,246.5,"22,491,000"
"Feb 27, 2023",252.46,252.82,249.39,250.16,247.23,"21,190,000"
"Feb 24, 2023",249.96,251,248.1,249.22,246.3,"24,990,900"
"Feb 23, 2023",255.56,256.84,250.48,254.77,251.79,"29,219,100"
"Feb 22, 2023",254.09,254.34,250.34,251.51,248.57,"22,491,100"
"Feb 21, 2023",254.48,255.49,251.59,252.67,249.71,"28,397,400"
"Feb 17, 2023",259.39,260.09,256,258.06,255.04,"30,000,100"
"Feb 16, 2023",264.02,266.74,261.9,262.15,259.08,"29,603,600"
"Feb 15, 2023",0.68 Dividend,,,,,
"Feb 15, 2023",268.32,270.73,266.18,269.32,266.17,"28,922,400"
"Feb 14, 2023",272.67,274.97,269.28,272.17,268.31,"37,047,900"
"Feb 13, 2023",267.64,274.6,267.15,271.32,267.47,"44,630,900"
"Feb 10, 2023",261.53,264.09,260.66,263.1,259.37,"25,818,500"
"Feb 9, 2023",273.8,273.98,262.8,263.62,259.88,"42,375,100"
"Feb 8, 2023",273.2,276.76,266.21,266.73,262.95,"54,686,000"
"Feb 7, 2023",260.53,268.77,260.08,267.56,263.77,"50,841,400"
"Feb 6, 2023",257.44,258.3,254.78,256.77,253.13,"22,518,000"
"Feb 3, 2023",259.54,264.2,257.1,258.35,254.69,"29,077,300"
"Feb 2, 2023",258.82,264.69,257.25,264.6,260.85,"39,940,400"
"Feb 1, 2023",248,255.18,245.47,252.75,249.17,"31,259,900"
"Jan 31, 2023",243.45,247.95,242.95,247.81,244.3,"26,541,100"
"Jan 30, 2023",244.51,245.6,242.2,242.71,239.27,"25,867,400"
"Jan 27, 2023",248.99,249.83,246.83,248.16,244.64,"26,498,900"
"Jan 26, 2023",243.65,248.31,242,248,244.48,"33,454,500"
"Jan 25, 2023",234.48,243.3,230.9,240.61,237.2,"66,526,600"
"Jan 24, 2023",242.5,243.95,240.44,242.04,238.61,"40,234,400"
"Jan 23, 2023",241.1,245.17,239.65,242.58,239.14,"31,934,000"
"Jan 20, 2023",234.86,240.74,234.51,240.22,236.81,"35,389,800"
"Jan 19, 2023",233.78,235.52,230.68,231.93,228.64,"28,623,000"
"Jan 18, 2023",241.57,242.38,235.52,235.81,232.47,"30,028,700"
"Jan 17, 2023",237.97,240.91,237.09,240.35,236.94,"29,831,300"
"Jan 13, 2023",237,239.37,234.92,239.23,235.84,"21,333,300"
"Jan 12, 2023",235.26,239.9,233.56,238.51,235.13,"27,269,500"
"Jan 11, 2023",231.29,235.95,231.11,235.77,232.43,"28,669,300"
"Jan 10, 2023",227.76,231.31,227.33,228.85,225.61,"27,033,900"
"Jan 9, 2023",226.45,231.24,226.41,227.12,223.9,"27,369,800"
"Jan 6, 2023",223,225.76,219.35,224.93,221.74,"43,613,600"
"Jan 5, 2023",227.2,227.55,221.76,222.31,219.16,"39,585,600"
"Jan 4, 2023",232.28,232.87,225.96,229.1,225.85,"50,623,400"
"Jan 3, 2023",243.08,245.75,237.4,239.58,236.18,"25,740,000"
"Dec 30, 2022",238.21,239.96,236.66,239.82,236.42,"21,938,500"
"Dec 29, 2022",235.65,241.92,235.65,241.01,237.59,"19,770,700"
"Dec 28, 2022",236.89,239.72,234.17,234.53,231.21,"17,457,100"
"Dec 27, 2022",238.7,238.93,235.83,236.96,233.6,"16,688,600"
"Dec 23, 2022",236.11,238.87,233.94,238.73,235.35,"21,207,000"
"Dec 22, 2022",241.26,241.99,233.87,238.19,234.81,"28,651,700"
"Dec 21, 2022",241.69,245.62,240.11,244.43,240.96,"23,690,600"
"Dec 20, 2022",239.4,242.91,238.42,241.8,238.37,"25,150,800"
"Dec 19, 2022",244.86,245.21,238.71,240.45,237.04,"29,696,400"
"Dec 16, 2022",248.55,249.84,243.51,244.69,241.22,"86,102,000"
"Dec 15, 2022",253.72,254.2,247.34,249.01,245.48,"35,560,400"
"Dec 14, 2022",257.13,262.59,254.31,257.22,253.57,"35,410,900"
"Dec 13, 2022",261.69,263.92,253.07,256.92,253.28,"42,196,900"
"Dec 12, 2022",247.45,252.54,247.17,252.51,248.93,"30,665,100"
"Dec 9, 2022",244.7,248.31,244.16,245.42,241.94,"20,609,700"
"Dec 8, 2022",244.84,248.74,243.06,247.4,243.89,"22,611,800"
"Dec 7, 2022",244.83,246.16,242.21,244.37,240.91,"20,481,500"
"Dec 6, 2022",250.82,251.86,243.78,245.12,241.64,"22,463,700"
"Dec 5, 2022",252.01,253.82,248.06,250.2,246.65,"23,435,300"
"Dec 2, 2022",249.82,256.06,249.69,255.02,251.4,"21,528,500"
"Dec 1, 2022",253.87,256.12,250.92,254.69,251.08,"26,041,500"
"Nov 30, 2022",240.57,255.33,239.86,255.14,251.52,"47,594,200"
"Nov 29, 2022",241.4,242.79,238.21,240.33,236.92,"17,956,300"
"Nov 28, 2022",246.08,246.65,240.8,241.76,238.33,"24,778,200"
"Nov 25, 2022",247.31,248.7,246.73,247.49,243.98,"9,200,800"
"Nov 23, 2022",245.11,248.28,244.27,247.58,244.07,"19,508,500"
"Nov 22, 2022",243.59,245.31,240.71,245.03,241.56,"19,665,700"
"Nov 21, 2022",241.43,244.67,241.19,242.05,238.62,"26,394,700"
"Nov 18, 2022",243.51,243.74,239.03,241.22,237.8,"27,613,500"
"Nov 17, 2022",237.78,243.25,237.63,241.68,238.25,"23,123,500"
"Nov 16, 2022",0.68 Dividend,,,,,
"Nov 16, 2022",242.79,243.8,240.42,241.73,238.3,"24,093,300"
"Nov 15, 2022",245.66,247,240.03,241.97,237.87,"31,390,100"
"Nov 14, 2022",241.99,243.91,239.21,241.55,237.46,"31,123,300"
"Nov 11, 2022",242.99,247.99,241.93,247.11,242.92,"34,620,200"
"Nov 10, 2022",235.43,243.33,235,242.98,238.86,"46,268,000"
"Nov 9, 2022",227.37,228.63,224.33,224.51,220.71,"27,852,900"
"Nov 8, 2022",228.7,231.65,225.84,228.87,224.99,"28,192,500"
"Nov 7, 2022",221.99,228.41,221.28,227.87,224.01,"33,498,000"
"Nov 4, 2022",217.55,221.59,213.43,221.39,217.64,"36,789,100"
"Nov 3, 2022",220.09,220.41,213.98,214.25,210.62,"36,633,900"
"Nov 2, 2022",229.46,231.3,220.04,220.1,216.37,"38,407,000"
"Nov 1, 2022",234.6,235.74,227.33,228.17,224.3,"30,592,300"
"Oct 31, 2022",233.76,234.92,231.15,232.13,228.2,"28,357,300"
"Oct 28, 2022",226.24,236.6,226.05,235.87,231.87,"40,647,700"
"Oct 27, 2022",231.04,233.69,225.78,226.75,222.91,"40,424,600"
"Oct 26, 2022",231.17,238.3,230.06,231.32,227.4,"82,543,200"
"Oct 25, 2022",247.26,251.04,245.83,250.66,246.41,"34,775,500"
"Oct 24, 2022",243.76,247.84,241.3,247.25,243.06,"24,911,200"
"Oct 21, 2022",234.74,243,234.5,242.12,238.02,"26,299,700"
"Oct 20, 2022",235.77,241.31,234.87,236.15,232.15,"21,811,000"
"Oct 19, 2022",237.04,239.61,234.29,236.48,232.47,"19,985,700"
"Oct 18, 2022",243.24,243.93,235.37,238.5,234.46,"26,329,600"
"Oct 17, 2022",235.82,238.96,235.14,237.53,233.5,"28,142,300"
"Oct 14, 2022",235.54,237.24,228.34,228.56,224.69,"30,198,600"
"Oct 13, 2022",219.85,236.1,219.13,234.24,230.27,"42,551,800"
"Oct 12, 2022",225.4,227.86,223.96,225.75,221.92,"21,903,900"
"Oct 11, 2022",227.62,229.06,224.11,225.41,221.59,"30,474,000"
"Oct 10, 2022",233.05,234.56,226.73,229.25,225.36,"29,743,600"
"Oct 7, 2022",240.9,241.32,233.17,234.24,230.27,"37,769,600"
"Oct 6, 2022",247.93,250.34,246.08,246.79,242.61,"20,239,900"
"Oct 5, 2022",245.99,250.58,244.1,249.2,244.98,"20,347,100"
"Oct 4, 2022",245.09,250.36,244.98,248.88,244.66,"34,888,400"
"Oct 3, 2022",235.41,241.61,234.66,240.74,236.66,"28,880,400"
"Sep 30, 2022",238.29,240.54,232.73,232.9,228.95,"35,694,800"
"Sep 29, 2022",238.89,239.95,234.41,237.5,233.48,"27,484,200"
"Sep 28, 2022",236.81,242.33,234.73,241.07,236.98,"29,029,700"
"Sep 27, 2022",239.98,241.8,234.5,236.41,232.4,"27,018,700"
"Sep 26, 2022",237.05,241.45,236.9,237.45,233.43,"27,694,200"
"Sep 23, 2022",239.54,241.13,235.2,237.92,233.89,"34,176,000"
"Sep 22, 2022",237.87,243.86,237.57,240.98,236.9,"31,061,200"
"Sep 21, 2022",244.27,247.66,238.9,238.95,234.9,"28,625,600"
"Sep 20, 2022",242.07,243.51,239.64,242.45,238.34,"26,660,300"
"Sep 19, 2022",242.47,245.14,240.85,244.52,240.38,"26,826,900"
"Sep 16, 2022",244.26,245.3,242.06,244.74,240.59,"39,791,800"
"Sep 15, 2022",249.77,251.4,244.02,245.38,241.22,"31,530,900"
"Sep 14, 2022",253.53,254.23,249.86,252.22,247.95,"23,913,000"
"Sep 13, 2022",258.84,260.4,251.59,251.99,247.72,"33,353,300"
"Sep 12, 2022",265.78,267.45,265.16,266.65,262.13,"18,747,700"
"Sep 9, 2022",260.5,265.23,260.29,264.46,259.98,"22,084,700"
"Sep 8, 2022",257.51,260.43,254.79,258.52,254.14,"20,319,900"
"Sep 7, 2022",254.7,258.83,253.22,258.09,253.72,"24,126,700"
"Sep 6, 2022",256.2,257.83,251.94,253.25,248.96,"21,328,200"
"Sep 2, 2022",261.7,264.74,254.47,256.06,251.72,"22,855,400"
"Sep 1, 2022",258.87,260.89,255.41,260.4,255.99,"23,263,400"
"Aug 31, 2022",265.39,267.11,261.33,261.47,257.04,"24,791,800"
"Aug 30, 2022",266.67,267.05,260.66,262.97,258.51,"22,767,100"
"Aug 29, 2022",265.85,267.4,263.85,265.23,260.74,"20,338,500"
"Aug 26, 2022",279.08,280.34,267.98,268.09,263.55,"27,549,300"
"Aug 25, 2022",277.33,279.02,274.52,278.85,274.12,"16,583,400"
"Aug 24, 2022",275.41,277.23,275.11,275.79,271.12,"18,137,000"
"Aug 23, 2022",276.44,278.86,275.4,276.44,271.76,"17,527,400"
"Aug 22, 2022",282.08,282.46,277.22,277.75,273.04,"25,061,100"
"Aug 19, 2022",288.9,289.25,285.56,286.15,281.3,"20,570,000"
"Aug 18, 2022",290.19,291.91,289.08,290.17,285.25,"17,186,200"
"Aug 17, 2022",0.62 Dividend,,,,,
"Aug 17, 2022",289.74,293.35,289.47,291.32,286.38,"18,253,400"
"Aug 16, 2022",291.99,294.04,290.42,292.71,287.14,"18,102,900"
"Aug 15, 2022",291,294.18,290.11,293.47,287.89,"18,085,700"
"Aug 12, 2022",288.48,291.91,286.94,291.91,286.36,"22,619,700"
"Aug 11, 2022",290.85,291.21,286.51,287.02,281.56,"20,065,900"
"Aug 10, 2022",288.17,289.81,286.94,289.16,283.66,"24,687,800"
"Aug 9, 2022",279.64,283.08,277.61,282.3,276.93,"23,405,200"
"Aug 8, 2022",284.05,285.92,279.32,280.32,274.99,"18,739,200"
"Aug 5, 2022",279.15,283.65,278.68,282.91,277.53,"16,774,600"
"Aug 4, 2022",281.8,283.8,280.17,283.65,278.25,"18,098,700"
"Aug 3, 2022",276.76,283.5,276.61,282.47,277.09,"23,518,900"
"Aug 2, 2022",276,277.89,272.38,274.82,269.59,"22,754,200"
"Aug 1, 2022",277.82,281.28,275.84,278.01,272.72,"21,539,600"
"Jul 29, 2022",277.7,282,276.63,280.74,275.4,"32,152,800"
"Jul 28, 2022",269.75,277.84,267.87,276.41,271.15,"33,459,300"
"Jul 27, 2022",261.16,270.05,258.85,268.74,263.63,"45,994,000"
"Jul 26, 2022",259.86,259.88,249.57,251.9,247.11,"39,348,000"
"Jul 25, 2022",261,261.5,256.81,258.83,253.9,"21,056,000"
"Jul 22, 2022",265.24,265.33,259.07,260.36,255.41,"21,881,300"
"Jul 21, 2022",259.79,264.89,257.03,264.84,259.8,"22,404,700"
"Jul 20, 2022",259.9,264.87,258.91,262.27,257.28,"22,788,300"
"Jul 19, 2022",257.58,259.72,253.68,259.53,254.59,"25,012,600"
"Jul 18, 2022",259.75,260.84,253.3,254.25,249.41,"20,975,000"
"Jul 15, 2022",255.72,260.37,254.77,256.72,251.83,"29,774,100"
"Jul 14, 2022",250.57,255.14,245.94,254.08,249.25,"25,102,800"
"Jul 13, 2022",250.19,253.55,248.11,252.72,247.91,"29,497,400"
"Jul 12, 2022",265.88,265.94,252.04,253.67,248.84,"35,868,500"
"Jul 11, 2022",265.65,266.53,262.18,264.51,259.48,"19,455,200"
"Jul 8, 2022",264.79,268.1,263.29,267.66,262.57,"19,658,800"
"Jul 7, 2022",265.12,269.06,265.02,268.4,263.29,"20,859,900"
"Jul 6, 2022",263.75,267.99,262.4,266.21,261.14,"23,824,400"
"Jul 5, 2022",256.16,262.98,254.74,262.85,257.85,"22,941,000"
"Jul 1, 2022",256.39,259.77,254.61,259.58,254.64,"22,837,700"
"Jun 30, 2022",257.05,259.53,252.9,256.83,251.94,"31,730,900"
"Jun 29, 2022",257.59,261.97,255.76,260.26,255.31,"20,069,800"
"Jun 28, 2022",263.98,266.91,256.32,256.48,251.6,"27,295,500"
"Jun 27, 2022",268.21,268.3,263.28,264.89,259.85,"24,615,100"
"Jun 24, 2022",261.81,267.98,261.72,267.7,262.61,"33,923,200"
"Jun 23, 2022",255.57,259.37,253.63,258.86,253.93,"25,861,400"
"Jun 22, 2022",251.89,257.17,250.37,253.13,248.31,"25,939,900"
"Jun 21, 2022",250.26,254.75,249.51,253.74,248.91,"29,928,300"
"Jun 17, 2022",244.7,250.5,244.03,247.65,242.94,"43,084,800"
"Jun 16, 2022",245.98,247.42,243.02,244.97,240.31,"33,169,200"
"Jun 15, 2022",248.31,255.3,246.42,251.76,246.97,"33,111,700"
"Jun 14, 2022",243.86,245.74,241.51,244.49,239.84,"28,651,500"
"Jun 13, 2022",245.11,249.02,241.53,242.26,237.65,"46,135,800"
"Jun 10, 2022",260.58,260.58,252.53,252.99,248.18,"31,422,800"
"Jun 9, 2022",267.78,272.71,264.63,264.79,259.75,"26,439,700"
"Jun 8, 2022",271.71,273,269.61,270.41,265.26,"17,372,300"
"Jun 7, 2022",266.64,273.13,265.94,272.5,267.31,"22,860,700"
"Jun 6, 2022",272.06,274.18,267.22,268.75,263.64,"22,400,300"
"Jun 3, 2022",270.31,273.45,268.41,270.02,264.88,"28,059,000"
"Jun 2, 2022",264.45,274.65,261.6,274.58,269.35,"44,008,200"
"Jun 1, 2022",275.2,277.69,270.04,272.42,267.24,"25,292,200"
"May 31, 2022",272.53,274.77,268.93,271.87,266.7,"37,827,700"
"May 27, 2022",268.48,273.34,267.56,273.24,268.04,"26,910,800"
"May 26, 2022",262.27,267.11,261.43,265.9,260.84,"25,002,100"
"May 25, 2022",258.14,264.58,257.13,262.52,257.52,"28,547,900"
"May 24, 2022",257.89,261.33,253.5,259.62,254.68,"29,043,900"
"May 23, 2022",255.49,261.5,253.43,260.65,255.69,"33,175,400"
"May 20, 2022",257.24,258.54,246.44,252.56,247.75,"39,199,300"
"May 19, 2022",253.9,257.67,251.88,253.14,248.32,"32,692,300"
"May 18, 2022",0.62 Dividend,,,,,
"May 18, 2022",263,263.6,252.77,254.08,249.25,"31,356,000"
"May 17, 2022",266.11,268.33,262.46,266.82,261.13,"28,828,800"
"May 16, 2022",259.96,265.82,255.78,261.5,255.93,"32,550,900"
"May 13, 2022",257.35,263.04,255.35,261.12,255.56,"34,925,100"
"May 12, 2022",257.69,259.88,250.02,255.35,249.91,"51,033,800"
"May 11, 2022",265.68,271.36,259.3,260.55,255,"48,975,900"
"May 10, 2022",271.69,273.75,265.07,269.5,263.76,"39,336,400"
"May 9, 2022",270.06,272.36,263.32,264.58,258.94,"47,726,000"
"May 6, 2022",274.81,279.25,271.27,274.73,268.88,"37,780,300"
"May 5, 2022",285.54,286.35,274.34,277.35,271.44,"43,260,400"
"May 4, 2022",282.59,290.88,276.73,289.98,283.8,"33,599,300"
"May 3, 2022",283.96,284.13,280.15,281.78,275.78,"25,978,600"
"May 2, 2022",277.71,284.94,276.22,284.47,278.41,"35,151,100"
"Apr 29, 2022",288.61,289.88,276.5,277.52,271.61,"37,073,900"
"Apr 28, 2022",285.19,290.98,281.46,289.63,283.46,"33,646,600"
"Apr 27, 2022",282.1,290.97,279.16,283.22,277.18,"63,477,700"
"Apr 26, 2022",277.5,278.36,270,270.22,264.46,"46,518,400"
"Apr 25, 2022",273.29,281.11,270.77,280.72,274.74,"35,678,900"
"Apr 22, 2022",281.68,283.2,273.38,274.03,268.19,"29,405,800"
"Apr 21, 2022",288.58,293.3,280.06,280.81,274.83,"29,454,600"
"Apr 20, 2022",289.4,289.7,285.37,286.36,280.26,"22,906,700"
"Apr 19, 2022",279.38,286.17,278.41,285.3,279.22,"22,297,700"
"Apr 18, 2022",278.91,282.46,278.34,280.52,274.54,"20,778,000"
"Apr 14, 2022",288.09,288.31,279.32,279.83,273.87,"28,221,600"
"Apr 13, 2022",282.73,288.58,281.3,287.62,281.49,"21,907,200"
"Apr 12, 2022",289.24,290.74,280.49,282.06,276.05,"30,966,700"
"Apr 11, 2022",291.79,292.61,285,285.26,279.18,"34,569,300"
"Apr 8, 2022",300.44,301.12,296.28,296.97,290.64,"24,361,900"
"Apr 7, 2022",296.66,303.65,296.35,301.37,294.95,"31,411,200"
"Apr 6, 2022",305.19,307,296.71,299.5,293.12,"40,110,400"
"Apr 5, 2022",313.27,314.87,309.87,310.88,304.26,"23,156,700"
"Apr 4, 2022",310.09,315.11,309.71,314.97,308.26,"24,289,600"
"Apr 1, 2022",309.37,310.13,305.54,309.42,302.83,"27,110,500"
"Mar 31, 2022",313.9,315.14,307.89,308.31,301.74,"33,422,100"
"Mar 30, 2022",313.76,315.95,311.58,313.86,307.17,"28,163,600"
"Mar 29, 2022",313.91,315.82,309.05,315.41,308.69,"30,393,400"
"Mar 28, 2022",304.33,310.8,304.33,310.7,304.08,"29,578,200"
"Mar 25, 2022",305.23,305.5,299.29,303.68,297.21,"22,566,500"
"Mar 24, 2022",299.14,304.2,298.32,304.1,297.62,"24,484,500"
"Mar 23, 2022",300.51,303.23,297.72,299.49,293.11,"25,715,400"
"Mar 22, 2022",299.8,305,298.77,304.06,297.58,"27,599,700"
"Mar 21, 2022",298.89,300.14,294.9,299.16,292.79,"28,351,200"
"Mar 18, 2022",295.37,301,292.73,300.43,294.03,"43,390,600"
"Mar 17, 2022",293.29,295.61,289.37,295.22,288.93,"30,816,600"
"Mar 16, 2022",289.11,294.57,283.2,294.39,288.12,"37,826,300"
"Mar 15, 2022",280.35,287.82,278.73,287.15,281.03,"34,245,100"
"Mar 14, 2022",280.34,285.4,275.82,276.44,270.55,"30,660,700"
"Mar 11, 2022",287.96,289.51,279.43,280.07,274.1,"27,209,300"
"Mar 10, 2022",283.02,286.6,280.58,285.59,279.5,"30,628,000"
"Mar 9, 2022",283.44,289.6,280.78,288.5,282.35,"35,204,500"
"Mar 8, 2022",277.8,283.96,270,275.85,269.97,"48,159,500"
"Mar 7, 2022",288.53,289.69,278.53,278.91,272.97,"43,157,200"
"Mar 4, 2022",294.29,295.66,287.17,289.86,283.68,"32,356,500"
"Mar 3, 2022",302.89,303.13,294.05,295.92,289.61,"27,314,500"
"Mar 2, 2022",295.36,301.47,293.7,300.19,293.79,"31,873,000"
"Mar 1, 2022",296.4,299.97,292.15,294.95,288.66,"31,217,800"
"Feb 28, 2022",294.31,299.14,293,298.79,292.42,"34,627,500"
"Feb 25, 2022",295.14,297.63,291.65,297.31,290.97,"32,546,700"
"Feb 24, 2022",272.51,295.16,271.52,294.59,288.31,"56,989,700"
"Feb 23, 2022",290.18,291.7,280.1,280.27,274.3,"37,811,200"
"Feb 22, 2022",285,291.54,284.5,287.72,281.59,"41,736,100"
"Feb 18, 2022",293.05,293.86,286.31,287.93,281.79,"34,264,000"
"Feb 17, 2022",296.36,296.8,290,290.73,284.53,"32,461,600"
"Feb 16, 2022",0.62 Dividend,,,,,
"Feb 16, 2022",298.37,300.87,293.68,299.5,293.12,"29,982,100"
"Feb 15, 2022",300.01,300.8,297.02,300.47,293.46,"27,058,300"
"Feb 14, 2022",293.77,296.76,291.35,295,288.12,"36,359,500"
"Feb 11, 2022",303.19,304.29,294.22,295.04,288.16,"39,175,600"
"Feb 10, 2022",304.04,309.12,300.7,302.38,295.33,"45,386,200"
"Feb 9, 2022",309.87,311.93,307.39,311.21,303.95,"31,284,700"
"Feb 8, 2022",301.25,305.56,299.95,304.56,297.46,"32,421,200"
"Feb 7, 2022",306.17,307.84,299.9,300.95,293.93,"28,533,300"
"Feb 4, 2022",300.21,308.8,299.97,305.94,298.8,"35,096,500"
"Feb 3, 2022",309.49,311.23,299.96,301.25,294.22,"43,730,000"
"Feb 2, 2022",309.63,315.12,308.88,313.46,306.15,"36,636,000"
"Feb 1, 2022",310.41,310.63,305.13,308.76,301.56,"40,950,400"
"Jan 31, 2022",308.95,312.38,306.37,310.98,303.73,"46,444,500"
"Jan 28, 2022",300.23,308.48,294.45,308.26,301.07,"49,743,700"
"Jan 27, 2022",302.66,307.3,297.93,299.84,292.85,"53,481,300"
"Jan 26, 2022",307.99,308.5,293.03,296.71,289.79,"90,428,900"
"Jan 25, 2022",291.52,294.99,285.17,288.49,281.76,"72,848,600"
"Jan 24, 2022",292.2,297.11,276.05,296.37,289.46,"85,731,500"
"Jan 21, 2022",302.69,304.11,295.61,296.03,289.12,"57,984,400"
"Jan 20, 2022",309.07,311.65,301.14,301.6,294.56,"35,380,700"
"Jan 19, 2022",306.29,313.91,302.7,303.33,296.25,"45,933,900"
"Jan 18, 2022",304.07,309.8,301.74,302.65,295.59,"42,333,200"
"Jan 14, 2022",304.25,310.82,303.75,310.2,302.96,"39,846,400"
"Jan 13, 2022",320.47,320.88,304,304.8,297.69,"45,366,000"
"Jan 12, 2022",319.67,323.41,317.08,318.27,310.85,"34,372,200"
"Jan 11, 2022",313.38,316.61,309.89,314.98,307.63,"29,386,800"
"Jan 10, 2022",309.49,314.72,304.69,314.27,306.94,"44,289,500"
"Jan 7, 2022",314.15,316.5,310.09,314.04,306.71,"32,720,000"
"Jan 6, 2022",313.15,318.7,311.49,313.88,306.56,"39,646,100"
"Jan 5, 2022",325.86,326.07,315.98,316.38,309,"40,054,300"
"Jan 4, 2022",334.83,335.2,326.12,329.01,321.33,"32,674,300"
"Jan 3, 2022",335.35,338,329.78,334.75,326.94,"28,865,100"
"Dec 31, 2021",338.51,339.36,335.85,336.32,328.47,"18,000,800"
"Dec 30, 2021",341.91,343.13,338.82,339.32,331.4,"15,994,500"
"Dec 29, 2021",341.3,344.3,339.68,341.95,333.97,"15,042,000"
"Dec 28, 2021",343.15,343.81,340.32,341.25,333.29,"15,661,500"
"Dec 27, 2021",335.46,342.48,335.43,342.45,334.46,"19,947,000"
"Dec 23, 2021",332.75,336.39,332.73,334.69,326.88,"19,617,800"
"Dec 22, 2021",328.3,333.61,325.75,333.2,325.43,"24,831,500"
"Dec 21, 2021",323.29,327.73,319.8,327.29,319.65,"24,740,600"
"Dec 20, 2021",320.05,322.8,317.57,319.91,312.45,"28,326,500"
"Dec 17, 2021",320.88,324.92,317.25,323.8,316.25,"47,750,300"
"Dec 16, 2021",335.71,336.76,323.02,324.9,317.32,"35,034,800"
"Dec 15, 2021",328.61,335.19,324.5,334.65,326.84,"35,381,100"
"Dec 14, 2021",333.22,334.64,324.11,328.34,320.68,"44,438,700"
"Dec 13, 2021",340.68,343.79,339.08,339.4,331.48,"28,899,400"
"Dec 10, 2021",334.98,343,334.79,342.54,334.55,"38,095,700"
"Dec 9, 2021",334.41,336.49,332.12,333.1,325.33,"22,214,200"
"Dec 8, 2021",335.31,335.5,330.8,334.97,327.16,"24,761,000"
"Dec 7, 2021",331.64,335.8,330.1,334.92,327.11,"31,021,900"
"Dec 6, 2021",323.95,327.45,319.23,326.19,318.58,"30,032,600"
"Dec 3, 2021",331.99,332.7,318.03,323.01,315.47,"41,779,300"
"Dec 2, 2021",330.3,333.49,327.8,329.49,321.8,"30,766,000"
"Dec 1, 2021",335.13,339.28,329.39,330.08,322.38,"33,337,600"
"Nov 30, 2021",335.32,337.78,328.99,330.59,322.88,"42,885,600"
"Nov 29, 2021",334.94,339.03,334.74,336.63,328.78,"28,563,500"
"Nov 26, 2021",334.35,337.93,328.12,329.68,321.99,"24,217,200"
"Nov 24, 2021",336.28,338.16,333.91,337.91,330.03,"21,661,300"
"Nov 23, 2021",337.05,339.45,333.56,337.68,329.8,"30,427,600"
"Nov 22, 2021",344.62,349.67,339.55,339.83,331.9,"31,031,100"
"Nov 19, 2021",342.64,345.1,342.2,343.11,335.11,"21,963,400"
"Nov 18, 2021",338.18,342.45,337.12,341.27,333.31,"22,463,500"
"Nov 17, 2021",0.62 Dividend,,,,,
"Nov 17, 2021",338.94,342.19,338,339.12,331.21,"19,053,400"
"Nov 16, 2021",335.68,340.67,335.51,339.51,330.98,"20,886,800"
"Nov 15, 2021",337.54,337.88,334.03,336.07,327.63,"16,723,000"
"Nov 12, 2021",333.92,337.23,333.79,336.72,328.26,"23,831,000"
"Nov 11, 2021",331.25,333.77,330.51,332.43,324.08,"16,849,800"
"Nov 10, 2021",334.57,334.63,329.92,330.8,322.49,"25,500,900"
"Nov 9, 2021",337.11,338.72,334.53,335.95,327.51,"21,307,400"
"Nov 8, 2021",337.3,337.65,334.44,336.99,328.53,"20,897,000"
"Nov 5, 2021",338.51,338.79,334.42,336.06,327.62,"22,570,100"
"Nov 4, 2021",332.89,336.54,329.51,336.44,327.99,"23,992,200"
"Nov 3, 2021",333.9,334.9,330.65,334,325.61,"21,500,100"
"Nov 2, 2021",330.31,333.45,330,333.13,324.76,"26,487,100"
"Nov 1, 2021",331.36,331.49,326.37,329.37,321.1,"27,073,200"
"Oct 29, 2021",324.13,332,323.9,331.62,323.29,"34,766,000"
"Oct 28, 2021",324.33,324.87,321.36,324.35,316.2,"26,297,900"
"Oct 27, 2021",316,326.1,316,323.17,315.05,"52,588,700"
"Oct 26, 2021",311,312.4,308.6,310.11,302.32,"28,107,300"
"Oct 25, 2021",309.36,309.4,306.46,308.13,300.39,"17,554,500"
"Oct 22, 2021",310.4,311.09,307.8,309.16,301.4,"17,449,300"
"Oct 21, 2021",307.17,311.02,306.36,310.76,302.96,"16,918,100"
"Oct 20, 2021",309.21,309.7,306.11,307.41,299.69,"16,537,100"
"Oct 19, 2021",308.35,309.3,307.22,308.23,300.49,"17,682,100"
"Oct 18, 2021",303.57,308.21,302.69,307.29,299.57,"22,729,300"
"Oct 15, 2021",302.34,304.45,300.52,304.21,296.57,"25,384,800"
"Oct 14, 2021",299.21,303.27,297.83,302.75,295.15,"27,262,900"
"Oct 13, 2021",294.91,297.28,293.49,296.31,288.87,"23,416,300"
"Oct 12, 2021",295.34,295.44,292.35,292.88,285.53,"17,974,100"
"Oct 11, 2021",292.92,297.97,292.75,294.23,286.84,"19,298,600"
"Oct 8, 2021",296.22,296.64,293.76,294.85,287.45,"17,685,700"
"Oct 7, 2021",295.18,296.64,293.92,294.85,287.45,"20,430,500"
"Oct 6, 2021",285.78,293.63,285.51,293.11,285.75,"28,002,600"
"Oct 5, 2021",284.05,290.4,284.05,288.76,281.51,"24,993,000"
"Oct 4, 2021",287.4,287.75,280.25,283.11,276,"31,350,700"
"Oct 1, 2021",282.12,289.98,281.29,289.1,281.84,"30,086,300"
"Sep 30, 2021",285.71,287.83,281.62,281.92,274.84,"32,343,600"
"Sep 29, 2021",285.1,286.77,283.01,284,276.87,"26,353,700"
"Sep 28, 2021",289.8,290.78,282.75,283.52,276.4,"43,186,200"
"Sep 27, 2021",296.14,296.47,292.94,294.17,286.78,"23,571,700"
"Sep 24, 2021",298.23,299.8,296.93,299.35,291.83,"14,999,000"
"Sep 23, 2021",298.85,300.9,297.53,299.56,292.04,"18,604,600"
"Sep 22, 2021",296.73,300.22,294.51,298.58,291.08,"26,626,300"
"Sep 21, 2021",295.69,297.54,294.07,294.8,287.4,"22,364,100"
"Sep 20, 2021",296.33,298.72,289.52,294.3,286.91,"38,278,700"
"Sep 17, 2021",304.17,304.5,299.53,299.87,292.34,"41,372,500"
"Sep 16, 2021",303.76,305.31,300.76,305.22,297.56,"19,550,800"
"Sep 15, 2021",303.26,305.32,301.82,304.82,297.17,"28,356,300"
"Sep 14, 2021",299.56,301.39,298.1,299.79,292.26,"21,853,400"
"Sep 13, 2021",297.55,298.54,294.08,296.99,289.53,"23,652,900"
"Sep 10, 2021",298.42,299.92,295.38,295.71,288.28,"19,633,400"
"Sep 9, 2021",300.82,302.14,297,297.25,289.79,"19,927,000"
"Sep 8, 2021",299.78,300.61,297.47,300.21,292.67,"15,046,800"
"Sep 7, 2021",301.01,301.09,298.2,300.18,292.64,"17,180,400"
"Sep 3, 2021",300.99,302.6,300.26,301.14,293.58,"14,747,900"
"Sep 2, 2021",302.2,303.36,300.18,301.15,293.59,"16,285,600"
"Sep 1, 2021",302.87,305.19,301.49,301.83,294.25,"18,983,800"
"Aug 31, 2021",304.42,304.5,301.5,301.88,294.3,"26,285,300"
"Aug 30, 2021",301.12,304.22,301.06,303.59,295.97,"16,348,100"
"Aug 27, 2021",298.99,300.87,296.83,299.72,292.19,"22,605,700"
"Aug 26, 2021",300.99,302.43,298.95,299.09,291.58,"17,666,100"
"Aug 25, 2021",304.3,304.59,300.42,302.01,294.43,"20,006,100"
"Aug 24, 2021",305.02,305.65,302,302.62,295.02,"18,175,800"
"Aug 23, 2021",303.25,305.4,301.85,304.65,297,"22,830,200"
"Aug 20, 2021",299.72,305.84,298.06,304.36,296.72,"40,817,600"
"Aug 19, 2021",288.69,297.47,288.64,296.77,289.32,"29,850,500"
"Aug 18, 2021",0.56 Dividend,,,,,
"Aug 18, 2021",292.04,294.82,290.27,290.73,283.43,"21,813,000"
"Aug 17, 2021",292.39,293.43,291.08,293.08,285.17,"20,075,300"
"Aug 16, 2021",293.19,294.82,290.02,294.6,286.65,"22,507,600"
"Aug 13, 2021",289.48,292.9,289.3,292.85,284.95,"18,249,000"
"Aug 12, 2021",286.63,289.97,286.34,289.81,281.99,"14,561,300"
"Aug 11, 2021",287.21,288.66,285.86,286.95,279.21,"13,955,900"
"Aug 10, 2021",288.8,289.25,285.2,286.44,278.71,"18,616,600"
"Aug 9, 2021",289.75,291.55,287.81,288.33,280.55,"16,117,600"
"Aug 6, 2021",288.51,289.5,287.62,289.46,281.65,"16,589,300"
"Aug 5, 2021",286.88,289.63,286.1,289.52,281.71,"13,900,200"
"Aug 4, 2021",286.22,287.59,284.65,286.51,278.78,"16,191,300"
"Aug 3, 2021",285.42,287.23,284,287.12,279.37,"17,879,000"
"Aug 2, 2021",286.36,286.77,283.74,284.82,277.14,"16,267,400"
"Jul 30, 2021",285.17,286.66,283.91,284.91,277.22,"20,944,800"
"Jul 29, 2021",286.24,288.62,286.08,286.5,278.77,"18,168,300"
"Jul 28, 2021",288.99,290.15,283.83,286.22,278.5,"33,566,900"
"Jul 27, 2021",289.43,289.58,282.95,286.54,278.81,"33,604,100"
"Jul 26, 2021",289,289.69,286.64,289.05,281.25,"23,176,100"
"Jul 23, 2021",287.37,289.99,286.5,289.67,281.86,"22,768,100"
"Jul 22, 2021",283.84,286.42,283.42,286.14,278.42,"23,384,100"
"Jul 21, 2021",278.9,281.52,277.29,281.4,273.81,"24,364,300"
"Jul 20, 2021",278.03,280.97,276.26,279.32,271.79,"26,259,700"
"Jul 19, 2021",278.93,280.37,274.45,277.01,269.54,"32,935,600"
"Jul 16, 2021",282.07,284.1,279.46,280.75,273.18,"26,186,800"
"Jul 15, 2021",282,282.51,279.83,281.03,273.45,"22,604,200"
"Jul 14, 2021",282.35,283.66,280.55,282.51,274.89,"23,113,700"
"Jul 13, 2021",277.52,282.85,277.39,280.98,273.4,"26,120,100"
"Jul 12, 2021",279.16,279.77,276.58,277.32,269.84,"18,931,700"
"Jul 9, 2021",275.72,278.05,275.32,277.94,270.44,"23,916,700"
"Jul 8, 2021",276.9,278.73,274.87,277.42,269.94,"24,618,600"
"Jul 7, 2021",279.4,280.69,277.15,279.93,272.38,"23,260,000"
"Jul 6, 2021",278.03,279.37,274.3,277.66,270.17,"31,565,600"
"Jul 2, 2021",272.82,278,272.5,277.65,270.16,"26,458,000"
"Jul 1, 2021",269.61,271.84,269.6,271.6,264.27,"16,725,300"
"Jun 30, 2021",270.69,271.36,269.6,270.9,263.59,"21,656,500"
"Jun 29, 2021",268.87,271.65,267.98,271.4,264.08,"19,937,800"
"Jun 28, 2021",266.19,268.9,265.91,268.72,261.47,"19,590,000"
"Jun 25, 2021",266.23,267.25,264.76,265.02,257.87,"25,611,100"
"Jun 24, 2021",266.16,267.85,265.47,266.69,259.5,"21,446,900"
"Jun 23, 2021",265.99,266.83,264.43,265.27,258.11,"19,518,700"
"Jun 22, 2021",262.72,265.79,262.4,265.51,258.35,"24,694,100"
"Jun 21, 2021",259.82,263.52,257.92,262.63,255.55,"26,696,100"
"Jun 18, 2021",259.63,262.3,258.75,259.43,252.43,"37,202,200"
"Jun 17, 2021",256.07,261.75,256.01,260.9,253.86,"27,565,500"
"Jun 16, 2021",259.4,260.58,254.42,257.38,250.44,"27,220,000"
"Jun 15, 2021",259.77,259.99,257.68,258.36,251.39,"18,038,900"
"Jun 14, 2021",257.9,259.95,256.8,259.89,252.88,"19,150,500"
"Jun 11, 2021",257.99,258.49,256.61,257.89,250.93,"18,999,700"
"Jun 10, 2021",254.29,257.46,253.67,257.24,250.3,"24,563,600"
"Jun 9, 2021",253.81,255.53,253.21,253.59,246.75,"17,937,600"
"Jun 8, 2021",255.16,256.01,252.51,252.57,245.76,"22,455,000"
"Jun 7, 2021",249.98,254.09,249.81,253.81,246.96,"23,079,200"
"Jun 4, 2021",247.76,251.65,247.51,250.79,244.03,"25,281,100"
"Jun 3, 2021",245.22,246.34,243,245.71,239.08,"25,307,700"
"Jun 2, 2021",248.13,249.27,245.84,247.3,240.63,"19,406,700"
"Jun 1, 2021",251.23,251.29,246.96,247.4,240.73,"23,213,300"
"May 28, 2021",251,252.08,249.56,249.68,242.94,"18,270,200"
"May 27, 2021",251.17,251.48,249.25,249.31,242.58,"24,426,200"
"May 26, 2021",251.43,252.94,250.75,251.49,244.71,"17,771,600"
"May 25, 2021",251.77,252.75,250.82,251.72,244.93,"17,704,300"
"May 24, 2021",247.79,251.16,247.51,250.78,244.02,"21,411,500"
"May 21, 2021",247.57,248.33,244.74,245.17,238.56,"21,863,100"
"May 20, 2021",243.96,247.95,243.86,246.48,239.83,"21,800,700"
"May 19, 2021",0.56 Dividend,,,,,
"May 19, 2021",239.31,243.23,238.6,243.12,236.56,"25,739,800"
"May 18, 2021",246.27,246.41,242.9,243.08,235.98,"20,168,000"
"May 17, 2021",246.55,246.59,243.52,245.18,238.02,"24,970,200"
"May 14, 2021",245.58,249.18,245.49,248.15,240.9,"23,901,100"
"May 13, 2021",241.8,245.6,241.42,243.03,235.93,"29,624,300"
"May 12, 2021",242.17,244.38,238.07,239,232.02,"36,684,400"
"May 11, 2021",244.55,246.6,242.57,246.23,239.04,"33,641,600"
"May 10, 2021",250.87,251.73,247.12,247.18,239.96,"29,299,900"
"May 7, 2021",252.15,254.3,251.17,252.46,245.08,"27,032,900"
"May 6, 2021",246.45,249.86,244.69,249.73,242.43,"26,491,100"
"May 5, 2021",249.06,249.5,245.82,246.47,239.27,"21,901,300"
"May 4, 2021",250.97,251.21,245.76,247.79,240.55,"32,756,100"
"May 3, 2021",253.4,254.35,251.12,251.86,244.5,"19,626,600"
"Apr 30, 2021",249.74,253.08,249.6,252.18,244.81,"30,945,100"
"Apr 29, 2021",255.46,256.1,249,252.51,245.13,"40,589,000"
"Apr 28, 2021",256.08,256.54,252.95,254.56,247.12,"46,903,100"
"Apr 27, 2021",261.58,263.19,260.12,261.97,254.32,"31,014,200"
"Apr 26, 2021",261.66,262.44,260.17,261.55,253.91,"19,763,300"
"Apr 23, 2021",257.88,261.51,257.27,261.15,253.52,"21,462,600"
"Apr 22, 2021",260.21,261.78,255.64,257.17,249.66,"25,606,200"
"Apr 21, 2021",258.94,260.68,257.25,260.58,252.97,"24,030,400"
"Apr 20, 2021",257.82,260.2,256.84,258.26,250.71,"19,722,900"
"Apr 19, 2021",260.19,261.48,257.82,258.74,251.18,"23,209,300"
"Apr 16, 2021",259.47,261,257.6,260.74,253.12,"24,878,600"
"Apr 15, 2021",257.93,259.93,257.73,259.5,251.92,"25,627,500"
"Apr 14, 2021",257.48,258.83,255.16,255.59,248.12,"23,070,900"
"Apr 13, 2021",257.26,259.19,256.83,258.49,250.94,"23,837,500"
"Apr 12, 2021",254.71,257.67,254.62,255.91,248.43,"27,148,700"
"Apr 9, 2021",252.87,255.99,252.44,255.85,248.38,"24,326,800"
"Apr 8, 2021",252.77,254.14,252,253.25,245.85,"23,625,200"
"Apr 7, 2021",247.81,250.93,247.19,249.9,242.6,"22,719,800"
"Apr 6, 2021",247.61,249.4,246.88,247.86,240.62,"22,931,900"
"Apr 5, 2021",242.76,249.96,242.7,249.07,241.79,"36,910,600"
"Apr 1, 2021",238.47,242.84,238.05,242.35,235.27,"30,338,000"
"Mar 31, 2021",232.91,239.1,232.39,235.77,228.88,"43,623,500"
"Mar 30, 2021",233.53,233.85,231.1,231.85,225.08,"24,792,000"
"Mar 29, 2021",236.59,236.8,231.88,235.24,228.37,"25,227,500"
"Mar 26, 2021",231.55,236.71,231.55,236.48,229.57,"25,479,900"
"Mar 25, 2021",235.3,236.94,231.57,232.34,225.55,"34,061,900"
"Mar 24, 2021",237.85,238,235.32,235.46,228.58,"25,620,100"
"Mar 23, 2021",237.49,241.05,237.07,237.58,230.64,"31,638,400"
"Mar 22, 2021",230.27,236.9,230.14,235.99,229.1,"30,127,000"
"Mar 19, 2021",231.02,232.47,229.35,230.35,223.62,"46,430,700"
"Mar 18, 2021",232.56,234.19,230.33,230.72,223.98,"34,833,000"
"Mar 17, 2021",236.15,238.55,233.23,237.04,230.11,"29,562,100"
"Mar 16, 2021",236.28,240.06,235.94,237.71,230.76,"28,092,200"
"Mar 15, 2021",234.96,235.19,231.81,234.81,227.95,"26,034,900"
"Mar 12, 2021",234.01,235.82,233.23,235.75,228.86,"22,653,700"
"Mar 11, 2021",234.96,239.17,234.31,237.13,230.2,"29,907,600"
"Mar 10, 2021",237,237,232.04,232.42,225.63,"29,746,800"
"Mar 9, 2021",232.88,235.38,231.67,233.78,226.95,"33,080,500"
"Mar 8, 2021",231.37,233.37,227.13,227.39,220.75,"35,267,400"
"Mar 5, 2021",229.52,233.27,226.46,231.6,224.83,"41,872,800"
"Mar 4, 2021",226.74,232.49,224.26,226.73,220.11,"44,727,800"
"Mar 3, 2021",232.16,233.58,227.26,227.56,220.91,"34,029,500"
"Mar 2, 2021",237.01,237.3,233.45,233.87,227.04,"22,812,500"
"Mar 1, 2021",235.9,237.47,233.15,236.94,230.02,"25,324,000"
"Feb 26, 2021",231.53,235.37,229.54,232.38,225.59,"37,819,200"
"Feb 25, 2021",232.08,234.59,227.88,228.99,222.3,"39,542,200"
"Feb 24, 2021",230.01,235.2,229,234.55,227.7,"26,339,700"
"Feb 23, 2021",230.33,234.83,228.73,233.27,226.45,"30,228,700"
"Feb 22, 2021",237.42,237.93,232.4,234.51,227.66,"36,446,900"
"Feb 19, 2021",243.75,243.86,240.18,240.97,233.93,"25,262,600"
"Feb 18, 2021",241.8,243.93,240.86,243.79,236.67,"16,925,600"
"Feb 17, 2021",0.56 Dividend,,,,,
"Feb 17, 2021",241.32,244.31,240.94,244.2,237.07,"21,653,500"
"Feb 16, 2021",245.03,246.13,242.92,243.7,236.04,"26,728,500"
"Feb 12, 2021",243.93,245.3,242.73,244.99,237.29,"16,561,100"
"Feb 11, 2021",244.78,245.15,242.15,244.49,236.8,"15,751,100"
"Feb 10, 2021",245,245.92,240.89,242.82,235.18,"22,186,700"
"Feb 9, 2021",241.87,244.76,241.38,243.77,236.1,"23,565,000"
"Feb 8, 2021",243.15,243.68,240.81,242.47,234.85,"22,211,900"
"Feb 5, 2021",242.23,243.28,240.42,242.2,234.58,"18,054,800"
"Feb 4, 2021",242.66,243.24,240.37,242.01,234.4,"25,296,100"
"Feb 3, 2021",239.57,245.09,239.26,243,235.36,"27,158,100"
"Feb 2, 2021",241.3,242.31,238.69,239.51,231.98,"25,916,300"
"Feb 1, 2021",235.06,242.5,232.43,239.65,232.11,"33,314,200"
"Jan 29, 2021",235.99,238.02,231.35,231.96,224.67,"42,503,100"
"Jan 28, 2021",235.61,242.64,235.09,238.93,231.42,"49,111,200"
"Jan 27, 2021",238,240.44,230.14,232.9,225.58,"69,870,600"
"Jan 26, 2021",231.86,234.18,230.08,232.33,225.02,"49,169,600"
"Jan 25, 2021",229.12,229.78,224.22,229.53,222.31,"33,152,100"
"Jan 22, 2021",227.08,230.07,225.8,225.95,218.84,"30,172,700"
"Jan 21, 2021",224.7,226.3,222.42,224.97,217.9,"30,709,400"
"Jan 20, 2021",217.7,225.79,217.29,224.34,217.29,"37,777,300"
"Jan 19, 2021",213.75,216.98,212.63,216.44,209.63,"30,480,900"
"Jan 15, 2021",213.52,214.51,212.03,212.65,205.96,"31,746,500"
"Jan 14, 2021",215.91,217.46,212.74,213.02,206.32,"29,480,800"
"Jan 13, 2021",214.02,216.76,213.93,216.34,209.54,"20,087,100"
"Jan 12, 2021",216.5,217.1,213.32,214.93,208.17,"23,249,300"
"Jan 11, 2021",218.47,218.91,216.73,217.49,210.65,"23,031,300"
"Jan 8, 2021",218.68,220.58,217.03,219.62,212.71,"22,956,200"
"Jan 7, 2021",214.04,219.34,213.71,218.29,211.43,"27,694,500"
"Jan 6, 2021",212.17,216.49,211.94,212.25,205.58,"35,930,700"
"Jan 5, 2021",217.26,218.52,215.7,217.9,211.05,"23,823,000"
"Jan 4, 2021",222.53,223,214.81,217.69,210.84,"37,130,100"
"Dec 31, 2020",221.7,223,219.68,222.42,215.43,"20,942,100"
"Dec 30, 2020",225.23,225.63,221.47,221.68,214.71,"20,272,300"
"Dec 29, 2020",226.31,227.18,223.58,224.15,217.1,"17,403,200"
"Dec 28, 2020",224.45,226.03,223.02,224.96,217.89,"17,933,500"
"Dec 24, 2020",221.42,223.61,221.2,222.75,215.75,"10,550,600"
"Dec 23, 2020",223.11,223.56,220.8,221.02,214.07,"18,699,600"
"Dec 22, 2020",222.69,225.63,221.85,223.94,216.9,"22,612,200"
"Dec 21, 2020",217.55,224,217.28,222.59,215.59,"37,181,900"
"Dec 18, 2020",218.59,219.69,216.02,218.59,211.72,"63,354,900"
"Dec 17, 2020",219.87,220.89,217.92,219.42,212.52,"32,515,800"
"Dec 16, 2020",214.75,220.11,214.72,219.28,212.38,"35,023,300"
"Dec 15, 2020",215.17,215.42,212.24,214.13,207.4,"27,000,600"
"Dec 14, 2020",213.1,216.21,212.88,214.2,207.46,"28,798,400"
"Dec 11, 2020",210.05,213.32,209.11,213.26,206.55,"30,979,400"
"Dec 10, 2020",211.77,213.08,210.36,210.52,203.9,"26,733,300"
"Dec 9, 2020",215.16,215.23,211.21,211.8,205.14,"32,440,600"
"Dec 8, 2020",213.97,216.95,212.89,216.01,209.22,"23,284,100"
"Dec 7, 2020",214.37,215.54,212.99,214.29,207.55,"24,620,000"
"Dec 4, 2020",214.22,215.38,213.18,214.36,207.62,"24,666,000"
"Dec 3, 2020",214.61,216.38,213.65,214.24,207.5,"25,120,900"
"Dec 2, 2020",214.88,215.47,212.8,215.37,208.6,"23,724,500"
"Dec 1, 2020",214.51,217.32,213.35,216.21,209.41,"30,904,500"
"Nov 30, 2020",214.1,214.76,210.84,214.07,207.34,"33,064,800"
"Nov 27, 2020",214.85,216.27,214.04,215.23,208.46,"14,512,200"
"Nov 25, 2020",215.11,215.29,212.46,213.87,207.14,"21,012,900"
"Nov 24, 2020",209.59,214.25,208.86,213.86,207.13,"33,979,700"
"Nov 23, 2020",210.95,212.29,208.16,210.11,203.5,"25,683,500"
"Nov 20, 2020",212.2,213.29,210,210.39,203.77,"22,843,100"
"Nov 19, 2020",211.38,213.03,209.93,212.42,205.74,"24,792,700"
"Nov 18, 2020",0.56 Dividend,,,,,
"Nov 18, 2020",213.65,215.17,210.93,211.08,204.44,"28,372,800"
"Nov 17, 2020",216.1,217.68,214.08,214.46,207.17,"24,154,100"
"Nov 16, 2020",214.87,217.74,214.52,217.23,209.85,"24,953,300"
"Nov 13, 2020",216.36,217.42,214.16,216.51,209.15,"18,621,100"
"Nov 12, 2020",217.21,219.11,214.46,215.44,208.12,"21,593,900"
"Nov 11, 2020",212.39,218.04,212.2,216.55,209.19,"29,440,800"
"Nov 10, 2020",214.5,216.5,209.72,211.01,203.84,"44,045,100"
"Nov 9, 2020",224.44,228.12,217.88,218.39,210.97,"44,395,000"
"Nov 6, 2020",222.26,224.36,218.03,223.72,216.12,"25,231,900"
"Nov 5, 2020",222.04,224.12,221.15,223.29,215.7,"36,080,100"
"Nov 4, 2020",214.02,218.32,212.42,216.39,209.04,"42,311,800"
"Nov 3, 2020",203.89,208.12,203.12,206.43,199.42,"27,512,000"
"Nov 2, 2020",204.29,205.28,200.12,202.33,195.46,"30,842,200"
"Oct 30, 2020",203.5,204.29,199.62,202.47,195.59,"36,953,700"
"Oct 29, 2020",204.07,207.36,203.37,204.72,197.76,"31,432,600"
"Oct 28, 2020",207.67,208.84,202.1,202.68,195.79,"51,195,600"
"Oct 27, 2020",211.59,214.67,210.33,213.25,206,"36,700,300"
"Oct 26, 2020",213.85,216.34,208.1,210.08,202.94,"37,111,600"
"Oct 23, 2020",215.03,216.28,213.16,216.23,208.88,"18,879,600"
"Oct 22, 2020",213.93,216.06,211.7,214.89,207.59,"22,351,500"
"Oct 21, 2020",213.12,216.92,213.12,214.8,207.5,"22,724,900"
"Oct 20, 2020",215.8,217.37,213.09,214.65,207.36,"22,753,500"
"Oct 19, 2020",220.42,222.3,213.72,214.22,206.94,"27,625,800"
"Oct 16, 2020",220.15,222.29,219.32,219.66,212.2,"26,057,900"
"Oct 15, 2020",217.1,220.36,216.01,219.66,212.2,"22,733,100"
"Oct 14, 2020",223,224.22,219.13,220.86,213.36,"23,421,700"
"Oct 13, 2020",222.72,225.21,220.43,222.86,215.29,"28,950,800"
"Oct 12, 2020",218.79,223.86,216.81,221.4,213.88,"40,461,400"
"Oct 9, 2020",211.23,215.86,211.23,215.81,208.48,"26,458,000"
"Oct 8, 2020",210.51,211.19,208.32,210.58,203.43,"19,925,800"
"Oct 7, 2020",207.06,210.11,206.72,209.83,202.7,"25,681,100"
"Oct 6, 2020",208.82,210.18,204.82,205.91,198.91,"28,554,300"
"Oct 5, 2020",207.22,210.41,206.98,210.38,203.23,"21,331,600"
"Oct 2, 2020",208,210.99,205.54,206.19,199.18,"33,154,800"
"Oct 1, 2020",213.49,213.99,211.32,212.46,205.24,"27,158,400"
"Sep 30, 2020",207.73,211.98,206.54,210.33,203.18,"33,829,100"
"Sep 29, 2020",209.35,210.07,206.81,207.26,200.22,"24,221,900"
"Sep 28, 2020",210.88,212.57,208.06,209.44,202.32,"32,004,900"
"Sep 25, 2020",203.55,209.04,202.54,207.82,200.76,"29,437,300"
"Sep 24, 2020",199.85,205.57,199.2,203.19,196.29,"31,202,500"
"Sep 23, 2020",207.9,208.1,200.03,200.59,193.77,"30,803,800"
"Sep 22, 2020",205.06,208.1,202.08,207.42,200.37,"33,517,100"
"Sep 21, 2020",197.19,202.71,196.38,202.54,195.66,"39,839,700"
"Sep 18, 2020",202.8,203.65,196.25,200.39,193.58,"55,225,300"
"Sep 17, 2020",200.05,204.33,199.96,202.91,196.02,"34,011,300"
"Sep 16, 2020",210.62,210.65,204.64,205.05,198.08,"26,328,100"
"Sep 15, 2020",208.42,209.78,206.93,208.78,201.69,"21,823,900"
"Sep 14, 2020",204.24,209.2,204.03,205.41,198.43,"30,375,800"
"Sep 11, 2020",207.2,208.63,201.24,204.03,197.1,"33,620,100"
"Sep 10, 2020",213.4,214.74,204.11,205.37,198.39,"35,461,500"
"Sep 9, 2020",207.6,214.84,206.7,211.29,204.11,"45,679,000"
"Sep 8, 2020",206.5,210.03,202.2,202.66,195.77,"52,924,300"
"Sep 4, 2020",215.1,218.36,205.19,214.25,206.97,"59,664,100"
"Sep 3, 2020",229.27,229.31,214.96,217.3,209.92,"58,400,300"
"Sep 2, 2020",227.97,232.86,227.35,231.65,223.78,"34,080,800"
"Sep 1, 2020",225.51,227.45,224.43,227.27,219.55,"25,725,500"
"Aug 31, 2020",227,228.7,224.31,225.53,217.87,"28,774,200"
"Aug 28, 2020",228.18,230.64,226.58,228.91,221.13,"26,292,900"
"Aug 27, 2020",222.89,231.15,219.4,226.58,218.88,"57,602,200"
"Aug 26, 2020",217.88,222.09,217.36,221.15,213.64,"39,600,800"
"Aug 25, 2020",213.1,216.61,213.1,216.47,209.12,"23,043,700"
"Aug 24, 2020",214.79,215.52,212.43,213.69,206.43,"25,460,100"
"Aug 21, 2020",213.86,216.25,212.85,213.02,205.78,"36,249,300"
"Aug 20, 2020",209.54,215,208.91,214.58,207.29,"26,981,500"
"Aug 19, 2020",0.51 Dividend,,,,,
"Aug 19, 2020",211.49,212.1,209.25,209.7,202.58,"27,627,600"
"Aug 18, 2020",210.53,212.36,209.21,211.49,203.81,"21,336,200"
"Aug 17, 2020",209.6,211.19,208.92,210.28,202.65,"20,184,800"
"Aug 14, 2020",208.76,209.59,207.51,208.9,201.32,"17,958,900"
"Aug 13, 2020",209.44,211.35,208.15,208.7,201.12,"22,588,900"
"Aug 12, 2020",205.29,210.28,204.75,209.19,201.6,"28,013,100"
"Aug 11, 2020",207.16,207.65,203.14,203.38,196,"36,446,500"
"Aug 10, 2020",211.67,211.88,206.35,208.25,200.69,"36,716,500"
"Aug 7, 2020",214.85,215.7,210.93,212.48,204.77,"27,820,400"
"Aug 6, 2020",212.34,216.37,211.55,216.35,208.5,"32,656,800"
"Aug 5, 2020",214.9,215,211.57,212.94,205.21,"28,806,400"
"Aug 4, 2020",214.17,214.77,210.31,213.29,205.55,"49,280,100"
"Aug 3, 2020",211.52,217.64,210.44,216.54,208.68,"78,983,000"
"Jul 31, 2020",204.4,205.1,199.01,205.01,197.57,"51,044,000"
"Jul 30, 2020",201,204.46,199.57,203.9,196.5,"25,079,600"
"Jul 29, 2020",202.5,204.65,202.01,204.06,196.65,"19,632,600"
"Jul 28, 2020",203.61,204.7,201.74,202.02,194.69,"23,251,400"
"Jul 27, 2020",201.47,203.97,200.86,203.85,196.45,"30,160,900"
"Jul 24, 2020",200.42,202.86,197.51,201.3,193.99,"39,827,000"
"Jul 23, 2020",207.19,210.92,202.15,202.54,195.19,"67,457,000"
"Jul 22, 2020",209.2,212.3,208.39,211.75,204.06,"49,605,700"
"Jul 21, 2020",213.66,213.94,208.03,208.75,201.17,"37,990,400"
"Jul 20, 2020",205,212.3,203.01,211.6,203.92,"36,884,800"
"Jul 17, 2020",204.47,205.04,201.39,202.88,195.51,"31,635,300"
"Jul 16, 2020",205.4,205.7,202.31,203.92,196.52,"29,940,700"
"Jul 15, 2020",209.56,211.33,205.03,208.04,200.49,"32,179,400"
"Jul 14, 2020",206.13,208.85,202.03,208.35,200.79,"37,591,800"
"Jul 13, 2020",214.48,215.8,206.5,207.07,199.55,"38,135,600"
"Jul 10, 2020",213.62,214.08,211.08,213.67,205.91,"26,177,600"
"Jul 9, 2020",216.33,216.38,211.47,214.32,206.54,"33,121,700"
"Jul 8, 2020",210.07,213.26,208.69,212.83,205.1,"33,600,000"
"Jul 7, 2020",210.45,214.67,207.99,208.25,200.69,"33,600,700"
"Jul 6, 2020",208.83,211.13,208.09,210.7,203.05,"31,897,600"
"Jul 2, 2020",205.68,208.02,205,206.26,198.77,"29,315,800"
"Jul 1, 2020",203.14,206.35,201.77,204.7,197.27,"32,061,200"
"Jun 30, 2020",197.88,204.4,197.74,203.51,196.12,"34,310,300"
"Jun 29, 2020",195.78,198.53,193.55,198.44,191.24,"26,701,600"
"Jun 26, 2020",199.73,199.89,194.88,196.33,189.2,"54,675,800"
"Jun 25, 2020",197.8,200.61,195.47,200.34,193.07,"27,803,900"
"Jun 24, 2020",201.6,203.25,196.56,197.84,190.66,"36,740,600"
"Jun 23, 2020",202.09,203.95,201.43,201.91,194.58,"30,917,400"
"Jun 22, 2020",195.79,200.76,195.23,200.57,193.29,"32,818,900"
"Jun 19, 2020",198.59,199.29,194.37,195.15,188.06,"44,441,100"
"Jun 18, 2020",194,196.49,194,196.32,189.19,"23,061,600"
"Jun 17, 2020",195.03,196.32,193.69,194.24,187.19,"25,687,800"
"Jun 16, 2020",192.89,195.58,191.46,193.57,186.54,"42,556,700"
"Jun 15, 2020",184.58,190.82,184.01,188.94,182.08,"32,770,200"
"Jun 12, 2020",190.54,191.72,185.18,187.74,180.92,"43,373,600"
"Jun 11, 2020",193.13,195.76,186.07,186.27,179.51,"52,854,700"
"Jun 10, 2020",191.13,198.52,191.01,196.84,189.69,"43,872,300"
"Jun 9, 2020",188,190.7,187.26,189.8,182.91,"29,783,900"
"Jun 8, 2020",185.94,188.55,184.44,188.36,181.52,"33,211,600"
"Jun 5, 2020",182.62,187.73,182.01,187.2,180.4,"39,893,600"
"Jun 4, 2020",184.3,185.84,182.3,182.92,176.28,"28,761,800"
"Jun 3, 2020",184.82,185.94,183.58,185.36,178.63,"27,311,000"
"Jun 2, 2020",184.25,185,181.35,184.91,178.2,"30,794,600"
"Jun 1, 2020",182.54,183,181.46,182.83,176.19,"22,622,400"
"May 29, 2020",182.73,184.27,180.41,183.25,176.6,"42,130,400"
"May 28, 2020",180.74,184.15,180.38,181.4,174.81,"33,810,200"
"May 27, 2020",180.2,181.99,176.6,181.81,175.21,"39,517,100"
"May 26, 2020",186.34,186.5,181.1,181.57,174.98,"36,073,600"
"May 22, 2020",183.19,184.46,182.54,183.51,176.85,"20,826,900"
"May 21, 2020",185.4,186.67,183.29,183.43,176.77,"29,119,500"
"May 20, 2020",0.51 Dividend,,,,,
"May 20, 2020",184.81,185.85,183.94,185.66,178.92,"31,261,300"
"May 19, 2020",185.03,186.6,183.49,183.63,176.47,"26,799,100"
"May 18, 2020",185.75,186.2,183.96,184.91,177.7,"35,264,500"
"May 15, 2020",179.06,187.06,177,183.16,176.02,"46,610,400"
"May 14, 2020",177.54,180.69,175.68,180.53,173.49,"41,873,900"
"May 13, 2020",182.55,184.05,176.54,179.75,172.74,"44,711,500"
"May 12, 2020",186.8,187.04,182.3,182.51,175.4,"32,038,200"
"May 11, 2020",183.15,187.51,182.85,186.74,179.46,"30,892,700"
"May 8, 2020",184.98,185,183.36,184.68,177.48,"30,877,800"
"May 7, 2020",184.17,184.55,182.58,183.6,176.44,"28,316,000"
"May 6, 2020",182.08,184.2,181.63,182.54,175.42,"32,139,300"
"May 5, 2020",180.62,183.65,179.9,180.76,173.71,"36,839,200"
"May 4, 2020",174.49,179,173.8,178.84,171.87,"30,372,900"
"May 1, 2020",175.8,178.64,174.01,174.57,167.76,"39,370,500"
"Apr 30, 2020",180,180.4,176.23,179.21,172.22,"53,875,900"
"Apr 29, 2020",173.22,177.68,171.88,177.43,170.51,"51,286,600"
"Apr 28, 2020",175.59,175.67,169.39,169.81,163.19,"34,392,700"
"Apr 27, 2020",176.59,176.9,173.3,174.05,167.27,"33,194,400"
"Apr 24, 2020",172.06,174.56,170.71,174.55,167.75,"34,277,600"
"Apr 23, 2020",174.11,175.06,170.91,171.42,164.74,"32,790,800"
"Apr 22, 2020",171.39,174,170.82,173.52,166.76,"34,620,200"
"Apr 21, 2020",173.5,173.67,166.11,167.82,161.28,"56,203,700"
"Apr 20, 2020",176.63,178.75,174.99,175.06,168.24,"36,669,600"
"Apr 17, 2020",179.5,180,175.87,178.6,171.64,"52,765,600"
"Apr 16, 2020",174.3,177.28,172.9,177.04,170.14,"50,479,600"
"Apr 15, 2020",171.2,173.57,169.24,171.88,165.18,"40,940,800"
"Apr 14, 2020",169,173.75,168,173.7,166.93,"52,874,300"
"Apr 13, 2020",164.35,165.57,162.3,165.51,159.06,"41,905,300"
"Apr 9, 2020",166.36,167.37,163.33,165.14,158.7,"51,385,100"
"Apr 8, 2020",165.67,166.67,163.5,165.13,158.69,"48,318,200"
"Apr 7, 2020",169.59,170,163.26,163.49,157.12,"62,769,000"
"Apr 6, 2020",160.32,166.5,157.58,165.27,158.83,"67,111,700"
"Apr 3, 2020",155.1,157.38,152.19,153.83,147.83,"41,243,300"
"Apr 2, 2020",151.86,155.48,150.36,155.26,149.21,"49,630,700"
"Apr 1, 2020",153,157.75,150.82,152.11,146.18,"57,969,900"
"Mar 31, 2020",159.4,164.78,156.56,157.71,151.56,"77,927,200"
"Mar 30, 2020",152.44,160.6,150.01,160.23,153.98,"63,420,300"
"Mar 27, 2020",151.75,154.89,149.2,149.7,143.86,"57,042,300"
"Mar 26, 2020",148.4,156.66,148.37,156.11,150.02,"64,568,100"
"Mar 25, 2020",148.91,154.33,144.44,146.92,141.19,"75,638,200"
"Mar 24, 2020",143.75,149.6,141.27,148.34,142.56,"82,516,700"
"Mar 23, 2020",137.01,140.57,132.52,135.98,130.68,"78,975,200"
"Mar 20, 2020",146,147.1,135.86,137.35,132,"84,866,200"
"Mar 19, 2020",142.77,150.15,139,142.71,137.15,"85,922,700"
"Mar 18, 2020",138,146,135.02,140.4,134.93,"81,593,200"
"Mar 17, 2020",140,147.5,135,146.57,140.86,"81,059,800"
"Mar 16, 2020",140,149.35,135,135.42,130.14,"87,905,900"
"Mar 13, 2020",147.5,161.91,140.73,158.83,152.64,"92,727,400"
"Mar 12, 2020",145.3,153.47,138.58,139.06,133.64,"93,226,400"
"Mar 11, 2020",157.13,157.7,151.15,153.63,147.64,"56,371,600"
"Mar 10, 2020",158.16,161.03,152.58,160.92,154.65,"65,354,400"
"Mar 9, 2020",151,157.75,150,150.62,144.75,"70,419,300"
"Mar 6, 2020",162.61,163.11,156,161.57,155.27,"72,821,100"
"Mar 5, 2020",166.05,170.87,165.69,166.27,159.79,"47,817,300"
"Mar 4, 2020",168.49,170.7,165.62,170.55,163.9,"49,814,400"
"Mar 3, 2020",173.8,175,162.26,164.51,158.1,"71,677,000"
"Mar 2, 2020",165.31,172.92,162.31,172.79,166.05,"71,030,800"
"Feb 28, 2020",152.41,163.71,152,162.01,155.69,"97,012,700"
"Feb 27, 2020",163.32,167.03,157.98,158.18,152.01,"93,174,900"
"Feb 26, 2020",169.71,173.26,168.21,170.17,163.54,"56,206,100"
"Feb 25, 2020",174.2,174.84,167.65,168.07,161.52,"68,073,300"
"Feb 24, 2020",167.77,174.55,163.23,170.89,164.23,"68,311,100"
"Feb 21, 2020",183.17,183.5,177.25,178.59,171.63,"48,572,600"
"Feb 20, 2020",186.95,187.25,181.1,184.42,177.23,"36,862,400"
"Feb 19, 2020",0.51 Dividend,,,,,
"Feb 19, 2020",188.06,188.18,186.47,187.28,179.98,"29,997,500"
"Feb 18, 2020",185.61,187.7,185.5,187.23,179.44,"27,792,200"
"Feb 14, 2020",183.25,185.41,182.65,185.35,177.64,"23,149,500"
"Feb 13, 2020",183.08,186.23,182.87,183.71,176.07,"35,295,800"
"Feb 12, 2020",185.58,185.85,181.85,184.71,177.03,"47,062,900"
"Feb 11, 2020",190.65,190.7,183.5,184.44,176.77,"53,159,900"
"Feb 10, 2020",183.58,188.84,183.25,188.7,180.85,"35,844,300"
"Feb 7, 2020",182.85,185.63,182.48,183.89,176.24,"33,529,100"
"Feb 6, 2020",180.97,183.82,180.06,183.63,175.99,"27,751,400"
"Feb 5, 2020",184.03,184.2,178.41,179.9,172.42,"39,186,300"
"Feb 4, 2020",177.14,180.64,176.31,180.12,172.63,"36,433,300"
"Feb 3, 2020",170.43,174.5,170.4,174.38,167.13,"30,107,000"
"Jan 31, 2020",172.21,172.4,169.58,170.23,163.15,"36,142,700"
"Jan 30, 2020",174.05,174.05,170.79,172.78,165.59,"51,597,500"
"Jan 29, 2020",167.84,168.75,165.69,168.04,161.05,"34,754,500"
"Jan 28, 2020",163.78,165.76,163.07,165.46,158.58,"24,899,900"
"Jan 27, 2020",161.15,163.38,160.2,162.28,155.53,"32,078,100"
"Jan 24, 2020",167.51,167.53,164.45,165.04,158.17,"24,918,100"
"Jan 23, 2020",166.19,166.8,165.27,166.72,159.78,"19,680,800"
"Jan 22, 2020",167.4,167.49,165.68,165.7,158.81,"24,138,800"
"Jan 21, 2020",166.68,168.19,166.43,166.5,159.57,"29,517,200"
"Jan 17, 2020",167.42,167.47,165.43,167.1,160.15,"34,371,700"
"Jan 16, 2020",164.35,166.24,164.03,166.17,159.26,"23,865,400"
"Jan 15, 2020",162.62,163.94,162.57,163.18,156.39,"21,417,900"
"Jan 14, 2020",163.39,163.6,161.72,162.13,155.39,"23,477,400"
"Jan 13, 2020",161.76,163.31,161.26,163.28,156.49,"21,626,500"
"Jan 10, 2020",162.82,163.22,161.18,161.34,154.63,"20,725,900"
"Jan 9, 2020",161.84,162.22,161.03,162.09,155.35,"21,385,000"
"Jan 8, 2020",158.93,160.8,157.95,160.09,153.43,"27,746,500"
"Jan 7, 2020",159.32,159.67,157.32,157.58,151.02,"21,634,100"
"Jan 6, 2020",157.08,159.1,156.51,159.03,152.41,"20,813,700"
"Jan 3, 2020",158.32,159.95,158.06,158.62,152.02,"21,116,200"
"Jan 2, 2020",158.78,160.73,158.33,160.62,153.94,"22,622,100"
"Dec 31, 2019",156.77,157.77,156.45,157.7,151.14,"18,369,400"
"Dec 30, 2019",158.99,159.02,156.73,157.59,151.03,"16,348,400"
"Dec 27, 2019",159.45,159.55,158.22,158.96,152.35,"18,412,800"
"Dec 26, 2019",157.56,158.73,157.4,158.67,152.07,"14,520,600"
"Dec 24, 2019",157.48,157.71,157.12,157.38,150.83,"8,989,200"
"Dec 23, 2019",158.12,158.12,157.27,157.41,150.86,"17,718,200"
"Dec 20, 2019",157.35,158.49,156.29,157.41,150.86,"53,477,500"
"Dec 19, 2019",154,155.77,153.75,155.71,149.23,"24,958,900"
"Dec 18, 2019",154.3,155.48,154.18,154.37,147.95,"24,129,200"
"Dec 17, 2019",155.45,155.71,154.45,154.69,148.25,"25,425,600"
"Dec 16, 2019",155.11,155.9,154.82,155.53,149.06,"24,144,200"
"Dec 13, 2019",153,154.89,152.83,154.53,148.1,"23,845,400"
"Dec 12, 2019",151.65,153.44,151.02,153.24,146.87,"24,612,100"
"Dec 11, 2019",151.54,151.87,150.33,151.7,145.39,"18,856,600"
"Dec 10, 2019",151.29,151.89,150.76,151.13,144.84,"16,476,100"
"Dec 9, 2019",151.07,152.21,150.91,151.36,145.06,"16,687,400"
"Dec 6, 2019",150.99,151.87,150.27,151.75,145.44,"16,403,500"
"Dec 5, 2019",150.05,150.32,149.48,149.93,143.69,"17,869,100"
"Dec 4, 2019",150.14,150.18,149.2,149.85,143.62,"17,574,700"
"Dec 3, 2019",147.49,149.43,146.65,149.31,143.1,"24,066,000"
"Dec 2, 2019",151.81,151.83,148.32,149.55,143.33,"27,418,400"
"Nov 29, 2019",152.1,152.3,151.28,151.38,145.08,"11,977,300"
"Nov 27, 2019",152.33,152.5,151.52,152.32,145.98,"15,184,400"
"Nov 26, 2019",151.36,152.42,151.32,152.03,145.71,"24,620,100"
"Nov 25, 2019",150,151.35,149.92,151.23,144.94,"22,420,900"
"Nov 22, 2019",150.07,150.3,148.82,149.59,143.37,"15,901,800"
"Nov 21, 2019",149.4,149.8,148.5,149.48,143.26,"18,576,100"
"Nov 20, 2019",0.51 Dividend,,,,,
"Nov 20, 2019",150.31,150.84,148.46,149.62,143.4,"25,696,800"
"Nov 19, 2019",150.88,151.33,150.2,150.39,143.64,"23,935,700"
"Nov 18, 2019",150.07,150.55,148.98,150.34,143.6,"21,534,000"
"Nov 15, 2019",148.93,149.99,148.27,149.97,143.24,"23,485,700"
"Nov 14, 2019",147.02,148.41,147,148.06,141.42,"19,729,800"
"Nov 13, 2019",146.74,147.46,146.28,147.31,140.7,"16,919,200"
"Nov 12, 2019",146.28,147.57,146.06,147.07,140.47,"18,641,600"
"Nov 11, 2019",145.34,146.42,144.73,146.11,139.56,"14,362,600"
"Nov 8, 2019",143.98,145.99,143.76,145.96,139.41,"16,732,700"
"Nov 7, 2019",143.84,144.88,143.77,144.26,137.79,"17,786,700"
"Nov 6, 2019",144.37,144.52,143.2,144.06,137.6,"16,575,800"
"Nov 5, 2019",144.97,145.02,143.91,144.46,137.98,"18,250,200"
"Nov 4, 2019",144.83,145,144.16,144.55,138.07,"16,912,000"
"Nov 1, 2019",144.26,144.42,142.97,143.72,137.27,"33,128,400"
"Oct 31, 2019",144.9,144.93,142.99,143.37,136.94,"24,605,100"
"Oct 30, 2019",143.52,145,142.79,144.61,138.12,"18,496,600"
"Oct 29, 2019",144.08,144.5,142.65,142.83,136.42,"20,589,500"
"Oct 28, 2019",144.4,145.67,143.51,144.19,137.72,"35,280,100"
"Oct 25, 2019",139.34,141.14,139.2,140.73,134.42,"25,959,700"
"Oct 24, 2019",139.39,140.42,138.67,139.94,133.66,"37,029,300"
"Oct 23, 2019",136.88,137.45,135.61,137.24,131.08,"29,844,600"